cuce,entidad,tipo_de_contratacion,modalidad,objeto_de_contratacion,subasta,fecha_publicacion,fecha_presentacion,estado,persona_contacto,fecha_adjudicacion_desierta,departamento,normativa
25-0670-00-1628515-0-E,Organo Electoral Plurinacional,Bienes,CD,"Adquisicion De Lectores Internos Mouse Y Teclados Para Equipos Estacionarios, Elecciones Subnacionales 2026 Del Servicio De Registro Civico De La Paz",False,2026-02-01,,Contratado,Jhonny Reynaldo Quenta Chavez (Telf: 2424221 - 2410545),,La Paz,Ley 1700 Elecciones Subnacionales 2026
26-1279-00-1628068-1-1,Gobierno Autonomo Municipal De Jesus De Machaca,Bienes,ANPP,"Provision De Alimentacion Complementaria Escolar (Adquisicion De Alimentacion Complementaria Escolar En Racion Liquida, Solida Y Fruta Para Estudiantes De Las Unidades Educativas Del Gam Jesus De Machaca 2026)",True,2026-02-01,2026-02-10,Vigente,Eva Yujra Ticona (Telf: 71556784),,La Paz,NB-SABS (D.S.0181)
26-1279-00-1628514-1-1,Gobierno Autonomo Municipal De Jesus De Machaca,Bienes,ANPP,"Provision De Alimentacion Complementaria Escolar (Adquisicion De Productos De Racion Seca, Hortalizas, Carne Y Huevo Para La Alimentacion Complementaria Escolar De Estudiantes De Las Unidades Educativas Del Gam Jesus De Machaca I - 2026)",True,2026-02-01,2026-02-10,Vigente,Eva Yujra Ticona (Telf: 71556784),,La Paz,NB-SABS (D.S.0181)
26-1327-00-1627982-1-1,Gobierno Autonomo Municipal De Capinota,Bienes,ANPP,Compra De Reactivos E Insumos Primer Semestre,True,2026-02-01,2026-02-12,Vigente,Noe Zenteno Arce (Telf: 4389007- 4388331),,Cochabamba,NB-SABS (D.S.0181)
26-1327-00-1628482-1-1,Gobierno Autonomo Municipal De Capinota,Bienes,CM,Compra De Alimentación Complementaria Escolar Ración Fruta (Banano Tipo Exportación) Área Concentrada Mes De Febrero,False,2026-02-01,2026-02-04,Vigente,Noe Zenteno Arce (Telf: 4389007- 4388331),,Cochabamba,NB-SABS (D.S.0181)
26-1327-00-1628512-1-1,Gobierno Autonomo Municipal De Capinota,Bienes,CM,Compra De Alimentación Complementaria Escolar Ración Liquida Mes De Febrero,False,2026-02-01,2026-02-04,Vigente,Noe Zenteno Arce (Telf: 4389007- 4388331),,Cochabamba,NB-SABS (D.S.0181)
26-1424-00-1628511-1-1,Gobierno Autonomo Municipal De Andamarca (Santiago De Andamarca),Bienes,CM,Adquisición De Alimentación Complementaria Escolar - Alimentos Frescos (Verduras Y Frutas) Para Las Diferentes Unidades Educativas Del Municipio De Santiago De Andamarca,False,2026-02-01,2026-02-04,Vigente,Cristo Nina Aymaya (Telf: 71856641),,Oruro,NB-SABS (D.S.0181)
26-1530-00-1628516-1-1,Gobierno Autonomo Municipal De Uyuni,Bienes,CND1,Adquisición De Ropa De Trabajo Para El Personal De La Planta De Prefabricados De Hormigon Del Gobierno Autónomo Municipal De Uyuni,False,2026-02-01,2026-02-06,Vigente,Ximena Calle Casilla (Telf: 2-6933195 - 73896555),,Potosi,Compro Hecho en Bolivia (D.S.4505)
24-1320-00-1578888-0-E,Gobierno Autonomo Municipal De Tarata,Consultoria,CM,Contratación De Servicios De Consultor Individual De Línea Chofer De Ambulancia Ii Para El Centro De Salud Integral Tarata Gestión 2025,False,2026-02-02,,Contratado,Oscar Choque Zenteno (Telf: 4578082),,Cochabamba,NB-SABS (D.S.0181)
24-1320-00-1578899-0-E,Gobierno Autonomo Municipal De Tarata,Consultoria,CM,Contratación De Servicios De Consultor Individual De Línea Auxiliar De Enfermeria Iii Para El Centro De Salud Integral Tarata Gestión 2025,False,2026-02-02,,Contratado,Oscar Choque Zenteno (Telf: 4578082),,Cochabamba,NB-SABS (D.S.0181)
25-0010-00-1628677-0-E,Ministerio De Relaciones Exteriores ,Servicios Generales,CD,"Servicio De Cobertura De Seguros Todo Riesgo De Daños A La Propiedad, Responsabilidad Civil, Comprensiva 3d, Automotores Y Aeronavegación, Para El Ministerio De Relaciones Exteriores - Gestión 2026",False,2026-02-02,,Contratado,Daniela Hurtado Vasquez (Telf: 2113175 int. 4120),,La Paz,NB-SABS (D.S.0181)
25-0015-00-1628483-0-E,Ministerio De Gobierno,Servicios Generales,CD,Servicio De Arrendamiento De Inmueble Para Las Oficinas Del Observatorio Boliviano De Seguridad Ciudadana Y Lucha Contra Las Drogas Para La Gestión 2026,False,2026-02-02,,Contratado,Marco Antonio Montaño Velasquez (Telf: 2120002 - 2120003),,La Paz,NB-SABS (D.S.0181)
25-0015-00-1628575-0-E,Ministerio De Gobierno,Servicios Generales,CD,Servicio De Internet A Nivel Nacional Para La D.G.S.C. Gestion 2026,False,2026-02-02,,Contratado,Keyla Vianca Mendoza Chuquimia (Telf: 2120002 - 2120003),,La Paz,NB-SABS (D.S.0181)
25-0015-00-1628760-0-E,Ministerio De Gobierno,Servicios Generales,CD,Servicio De Alquiler De Inmueble Para Las Oficinas De La Distrital De Migracion Chuquisaca - Gestion 2026,False,2026-02-02,,Contratado,Nancy Carol Terrazas Ugarte (Telf: 2120002 - 2120003),,La Paz,NB-SABS (D.S.0181)
25-0020-00-1628620-0-E,Ministerio De Defensa ,Servicios Generales,CD,Servicio Recurrente De Telefonía Móvil Corporativo Para El Ministerio De Defensa Gestión 2026,False,2026-02-02,,Contratado,Litzie Lizeth Choque Soto (Telf: 2610400 - 2432525),,La Paz,NB-SABS (D.S.0181)
25-0046-00-1628678-0-E,Ministerio De Salud Y Deportes,Servicios Generales,CD,Servicio De Alquiler De Oficinas Para La Regional Tarija Del Programa De Atencion Primaria Integral Safci - Servicio Recurrente Gestion 2026,False,2026-02-02,,Contratado,Rodrigo Cahuaya Apaza (Telf: 2484592),,La Paz,NB-SABS (D.S.0181)
25-0046-00-1628679-0-E,Ministerio De Salud Y Deportes,Servicios Generales,CD,Servicio De Alquiler De Oficinas Para La Regional Potosí Del Programa De Atención Primaria Integral Safci - Servicio Recurrente Gestion 2026,False,2026-02-02,,Contratado,Maria Susana Salazar Martinez (Telf: 2484592),,La Paz,NB-SABS (D.S.0181)
25-0046-00-1628686-0-E,Ministerio De Salud Y Deportes,Servicios Generales,CD,Servicio De Alquiler De Oficinas Para La Regional Beni Del Programa De Atención Primaria Integral Safci - Servicio Recurrente Gestión 2026,False,2026-02-02,,Contratado,Fermin Gonzales Miranda (Telf: 2484592),,La Paz,NB-SABS (D.S.0181)
25-0046-00-1628703-0-E,Ministerio De Salud Y Deportes,Servicios Generales,CD,Servicio De Alquiler De Oficinas Para La Regional Cochabamba Del Programa De Atención Primaria Integral Safci - Servicio Recurrente Gestión 2026,False,2026-02-02,,Contratado,Fermin Gonzales Miranda (Telf: 2484592),,La Paz,NB-SABS (D.S.0181)
25-0046-00-1628717-0-E,Ministerio De Salud Y Deportes,Servicios Generales,CD,Servicio De Alquiler De Oficinas Para La Regional Oruro Del Programa De Atencion Primaria Integral Safci - Servicio Recurrente Gestion 2026,False,2026-02-02,,Contratado,Maria Susana Salazar Martinez (Telf: 2484592),,La Paz,NB-SABS (D.S.0181)
25-0070-00-1628486-0-E,"Ministerio De Trabajo, Empleo Y Previsión Social ",Servicios Generales,CD,Alquiler De Oficina Para La Jefatura Departamental De Trabajo Cochabamba- Gestión 2026,False,2026-02-02,,Contratado,Martha Maruja Flores Huchani (Telf: 2408606),,La Paz,NB-SABS (D.S.0181)
25-0070-00-1628540-0-E,"Ministerio De Trabajo, Empleo Y Previsión Social ",Servicios Generales,CD,Servicio De Telefonía Fija Para Oficina Del Mteps A Nivel Nacional - Gestion 2026,False,2026-02-02,,Contratado,Ruben Aldo Romos Machaca (Telf: 2408606),,La Paz,NB-SABS (D.S.0181)
25-0070-00-1628599-0-E,"Ministerio De Trabajo, Empleo Y Previsión Social ",Servicios Generales,CD,Servicio De Alquiler De Oficinas Para La Jefatura Regional De Trabajo Bermejo - Gestión 2026,False,2026-02-02,,Contratado,Ruben Aldo Romos Machaca (Telf: 2408606),,La Paz,NB-SABS (D.S.0181)
25-0070-00-1628603-0-E,"Ministerio De Trabajo, Empleo Y Previsión Social ",Servicios Generales,CD,Servicio De Alquiler De Oficinas Para La Jefatura Departamental De Trabajo De Oruro - Gestion 2026,False,2026-02-02,,Contratado,Ruben Aldo Romos Machaca (Telf: 2408606),,La Paz,NB-SABS (D.S.0181)
25-0117-00-1628596-0-E,Direccion General De Aeronautica Civil,Servicios Generales,CD,Servicio De Alquiler De Inmueble Compartido Para Oficina De La Dgac Con Deposito Y Garaje Para La Sub Regional Guayaramerin (Recurrente Gestion 2026),False,2026-02-02,,Contratado,Andrea Karim Velarde Villegas (Telf: 2444450),,La Paz,NB-SABS (D.S.0181)
25-0155-00-1628384-0-E,Direccion Del Notariado Plurinacional,Servicios Generales,CD,Servicio De Arrendamiento De Inmueble Para Oficinas De La Direccion Del Notariado Plurinacional - Recurrente Para La Gestion 2026,False,2026-02-02,,Contratado,Paulo Cesar Rodriguez Rodriguez (Telf: 2184080),,La Paz,NB-SABS (D.S.0181)
25-0155-00-1628639-0-E,Direccion Del Notariado Plurinacional,Servicios Generales,CD,Servicio De Arrendamiento De Inmueble Para Oficinas De La Direccion Departamental De Tarija - Recurrente Para La Gestion 2026,False,2026-02-02,,Contratado,Paulo Cesar Rodriguez Rodriguez (Telf: 2184080),,La Paz,NB-SABS (D.S.0181)
25-0155-00-1628658-0-E,Direccion Del Notariado Plurinacional,Servicios Generales,CD,Servicio De Arrendamiento De Inmueble Para Oficinas De La Direccion Departamental De Cochabamba - Recurrente Para La Gestión 2026,False,2026-02-02,,Contratado,Paulo Cesar Rodriguez Rodriguez (Telf: 2184080),,La Paz,NB-SABS (D.S.0181)
25-0155-00-1628670-0-E,Direccion Del Notariado Plurinacional,Servicios Generales,CD,Servicio De Arrendamiento De Inmueble Para Oficinas De La Direccion Departamental De Beni - Recurrente Para La Gestion 2026,False,2026-02-02,,Contratado,Paulo Cesar Rodriguez Rodriguez (Telf: 2184080),,La Paz,NB-SABS (D.S.0181)
25-0155-00-1628680-0-E,Direccion Del Notariado Plurinacional,Servicios Generales,CD,"Servicio De Arrendamiento De Oficinas Para La Direccion Del Notariado Plurinacional, Oficina El Alto - Recurrente Para La Gestion 2026",False,2026-02-02,,Contratado,Paulo Cesar Rodriguez Rodriguez (Telf: 2184080),,La Paz,NB-SABS (D.S.0181)
25-0155-00-1628704-0-E,Direccion Del Notariado Plurinacional,Servicios Generales,CD,Servicio De Arrendamiento De Inmueble Para Oficinas De La Direccion Departamental De Pando - Recurrente Para La Gestion 2026,False,2026-02-02,,Contratado,Paulo Cesar Rodriguez Rodriguez (Telf: 2184080),,La Paz,NB-SABS (D.S.0181)
25-0155-00-1628706-0-E,Direccion Del Notariado Plurinacional,Servicios Generales,CD,Servicio De Arrendamiento De Inmueble Para Oficinas De La Direccion Departamental De Santa Cruz - Recurrente Para La Gestion 2026,False,2026-02-02,,Contratado,Paulo Cesar Rodriguez Rodriguez (Telf: 2184080),,La Paz,NB-SABS (D.S.0181)
25-0155-00-1628709-0-E,Direccion Del Notariado Plurinacional,Servicios Generales,CD,Servicio De Arrendamiento De Inmueble Para Oficinas De La Direccion Departamental De Oruro - Recurrente Para La Gestion 2026,False,2026-02-02,,Contratado,Paulo Cesar Rodriguez Rodriguez (Telf: 2184080),,La Paz,NB-SABS (D.S.0181)
25-0155-00-1628722-0-E,Direccion Del Notariado Plurinacional,Servicios Generales,CD,Servicio De Linea Troncal Sip De Telefonia Fija Para La Oficina Nacional De La Direccion Del Notariado Plurinacional - Recurrente Para La Gestion 2026,False,2026-02-02,,Contratado,Paulo Cesar Rodriguez Rodriguez (Telf: 2184080),,La Paz,NB-SABS (D.S.0181)
25-0155-00-1628734-0-E,Direccion Del Notariado Plurinacional,Servicios Generales,CD,Servicio De Internet Por Fibra Optica Corporativa Para La Direccion Del Notariado Plurinacional - Recurrente Para La Gestion 2026,False,2026-02-02,,Contratado,Paulo Cesar Rodriguez Rodriguez (Telf: 2184080),,La Paz,NB-SABS (D.S.0181)
25-0155-00-1628750-0-E,Direccion Del Notariado Plurinacional,Servicios Generales,CD,Servicio De Data Center De Contingencia En La Nube Para El Sinplu - Recurrente Para La Gestion 2026,False,2026-02-02,,Contratado,Paulo Cesar Rodriguez Rodriguez (Telf: 2184080),,La Paz,NB-SABS (D.S.0181)
25-0155-00-1628753-0-E,Direccion Del Notariado Plurinacional,Servicios Generales,CD,Servicio De Courier Para La Direccion Del Notariado Plurinacional - Recurrente Para La Gestion 2026,False,2026-02-02,,Contratado,Paulo Cesar Rodriguez Rodriguez (Telf: 2184080),,La Paz,NB-SABS (D.S.0181)
25-0207-04-1627500-0-E,Agencia Nacional De Hidrocarburos,Servicios Generales,CD,Servicio De Alquiler De Oficinas En La Localidad De Riberalta - Gestion 2026,False,2026-02-02,,Contratado,Marcela Gladys Condori Alcon (Telf: 2614000),,La Paz,NB-SABS (D.S.0181)
25-0223-00-1628723-0-E,Fondo Nacional De Desarrollo Forestal,Servicios Generales,CD,Servicio De Arrendamiento De Inmueble Para Oficina Central Para El Fondo Nacional De Desarrollo Forestal - Fonabosque Gestion 2026,False,2026-02-02,,Contratado,Amparo Alarcon Angola (Telf: 2129838 - 2128772),,La Paz,NB-SABS (D.S.0181)
25-0314-00-1628774-0-E,Autoridad De Fiscalización De Electricidad Y Tecnologia Nuclear,Servicios Generales,CD,Vpn - Mpls A Nivel Nacional,False,2026-02-02,,Contratado,Mildred Amparo Gonzales Gonzales (Telf: 2312401),,La Paz,NB-SABS (D.S.0181)
25-0314-00-1628777-0-E,Autoridad De Fiscalización De Electricidad Y Tecnologia Nuclear,Servicios Generales,CD,Servicio Principal De Conexion A Internet (On Line),False,2026-02-02,,Contratado,Mildred Amparo Gonzales Gonzales (Telf: 2312401),,La Paz,NB-SABS (D.S.0181)
25-0340-00-1624750-0-E,Servicio General De Identificacion Personal,Servicios Generales,CD,Servicio De Enlaces De Internet Y Vpn Nacional Para Oficinas Departamentales Y Regionales Gestión 2026,False,2026-02-02,,Contratado,Jhanice Alba Arando Gutierrez (Telf: 2117405 - 2141370),,La Paz,NB-SABS (D.S.0181)
25-0340-00-1628736-0-E,Servicio General De Identificacion Personal,Servicios Generales,CD,Alquiler De Inmueble Para La Oficina Yacuiba - Direccion Departamental Tarija (Gestion 2026),False,2026-02-02,,Contratado,Jhanice Alba Arando Gutierrez (Telf: 2117405 - 2141370),,La Paz,NB-SABS (D.S.0181)
25-0342-00-1627410-0-E,Agencia Estatal De Vivienda,Consultoria,OF,Proyecto De Vivienda Nueva Autoconstruccion En El Municipio De Montero-Fase(Xxi)2024-Santa Cruz,False,2026-02-02,,Contratado,Rodrigo Yave Toroya (Telf: 2148747 - 2148984),,La Paz,Otra Normativa especifica nacional
25-0422-00-1628218-0-E,Caja Bancaria Estatal De Salud,Servicios Generales,CD,Alquiler Oficina Nacional Cbes - La Paz - Gestion 2026,False,2026-02-02,,Contratado,Gonzalo Copa Barzola (Telf: 2220404),,La Paz,NB-SABS (D.S.0181)
25-0422-00-1628549-0-E,Caja Bancaria Estatal De Salud,Servicios Generales,CD,Alquiler De Ambientes Para Regional Cochabamba Gestion 2026,False,2026-02-02,,Contratado,Gonzalo Copa Barzola (Telf: 2220404),,La Paz,NB-SABS (D.S.0181)
25-0422-00-1628558-0-E,Caja Bancaria Estatal De Salud,Servicios Generales,CD,Alquier De Ambientes Para La Regional Pando Gestion 2026,False,2026-02-02,,Contratado,Gonzalo Copa Barzola (Telf: 2220404),,La Paz,NB-SABS (D.S.0181)
25-0422-00-1628567-0-E,Caja Bancaria Estatal De Salud,Servicios Generales,CD,Servicio De Internet Regionales Gestion 2026,False,2026-02-02,,Contratado,Katerinne Daleth Azurduy Oropeza (Telf: 2220404),,La Paz,NB-SABS (D.S.0181)
25-0422-00-1628571-0-E,Caja Bancaria Estatal De Salud,Servicios Generales,CD,Alquiler De Ambientes Para La Regional Oruro Gestion 2026,False,2026-02-02,,Contratado,Gonzalo Copa Barzola (Telf: 2220404),,La Paz,NB-SABS (D.S.0181)
25-0422-00-1628579-0-E,Caja Bancaria Estatal De Salud,Servicios Generales,CD,Servicio De Telefonia Gestion 2026,False,2026-02-02,,Contratado,Katerinne Daleth Azurduy Oropeza (Telf: 2220404),,La Paz,NB-SABS (D.S.0181)
25-0513-00-1628635-0-E,Yacimientos Petroliferos Fiscales Bolivianos - Ypfb,Servicios Generales,OF,"Servicio De Certificación De Ibnorca De Garrafas, Planta, Operadores Y Soldadores Dtcc - Gestión 2026",False,2026-02-02,,Contratado,Richard Andres Choque Molina (Telf: 2176300),,La Paz,Otra Normativa especifica nacional
25-0517-03-1626841-0-E,Empresa Minera Corocoro,Bienes,CD,Transporte De Acido Sulfurico Gestion 2026,False,2026-02-02,,Contratado,Yamil Erick Romero Arteaga (Telf: 2-2139374),,La Paz,NB-SABS (D.S.0181)
25-0517-11-1628684-0-E,Empresa Estatal De Produccion Y Comercializacion Del Oro,Servicios Generales,CD,Arrendamiento De Bien Inmueble Para El Funcionamiento De La Oficina Central De La Empresa Estatal De Produccion Y Comercializacion Del Oro (Epcoro) - Gestion 2026,False,2026-02-02,,Contratado,Remedios Navarro Ajata (Telf: -),,La Paz,NB-SABS (D.S.0181)
25-0580-00-1625696-0-E,Depósitos Aduaneros Bolivianos ,Servicios Generales,CD,Alquiler De Balanza Camionera En Recinto Aduana Interior La Paz - Extensión Patacamaya Gestión 2026,False,2026-02-02,,Contratado,Paola Viviana Argani Torrez (Telf: 2154035),,La Paz,NB-SABS (D.S.0181)
25-0580-00-1625700-0-E,Depósitos Aduaneros Bolivianos ,Servicios Generales,CD,"Alquiler De Predios En Recinto Aduana Interior La Paz – Extension Patacamaya, Gestion 2026",False,2026-02-02,,Contratado,Paola Viviana Argani Torrez (Telf: 2154035),,La Paz,NB-SABS (D.S.0181)
25-0580-00-1625789-0-E,Depósitos Aduaneros Bolivianos ,Servicios Generales,CD,"Alquiler De Predios En Recinto Aduana Frontera Desaguadero, Gestion 2026",False,2026-02-02,,Contratado,Paola Viviana Argani Torrez (Telf: 2154035),,La Paz,NB-SABS (D.S.0181)
25-0580-00-1625792-0-E,Depósitos Aduaneros Bolivianos ,Servicios Generales,CD,"Alquiler De Balanza Camionera En Recinto Aduana Frontera Desaguadero, Gestión 2026",False,2026-02-02,,Contratado,Paola Viviana Argani Torrez (Telf: 2154035),,La Paz,NB-SABS (D.S.0181)
25-0580-00-1625794-0-E,Depósitos Aduaneros Bolivianos ,Servicios Generales,CD,"Alquiler De Predios En Recinto Aduana Interior Tarija - Extension Cascada Del Sur, Gestion 2026",False,2026-02-02,,Contratado,Paola Viviana Argani Torrez (Telf: 2154035),,La Paz,NB-SABS (D.S.0181)
25-0580-00-1625874-0-E,Depósitos Aduaneros Bolivianos ,Servicios Generales,CD,Servicio De Estiba/ Desestiba Para Los Recintos De Dab Gestión 2026,False,2026-02-02,,Contratado,Paola Viviana Argani Torrez (Telf: 2154035),,La Paz,NB-SABS (D.S.0181)
25-0580-00-1625876-0-E,Depósitos Aduaneros Bolivianos ,Servicios Generales,CD,"Servicio De Seguridad Física, Electrónica Y Vigilancia Para Dab Gestión 2026",False,2026-02-02,,Contratado,Paola Viviana Argani Torrez (Telf: 2154035),,La Paz,NB-SABS (D.S.0181)
25-0594-00-1628604-0-E,Administracion De Servicios Portuarios - Bolivia,Servicios Generales,CD,Servicio De Contratación De Seguro Contra Accidentes Para El Personal De La Asp-B - Gestión 2026,False,2026-02-02,,Contratado,Maria Eugenia Poma Fernadez (Telf: 2432971),,La Paz,NB-SABS (D.S.0181)
25-0594-00-1628622-0-E,Administracion De Servicios Portuarios - Bolivia,Servicios Generales,CD,Servicio De Internet On Line Oficina Central Y Regionales Para La Asp-B Gestion 2026,False,2026-02-02,,Contratado,Maria Eugenia Poma Fernadez (Telf: 2432971),,La Paz,NB-SABS (D.S.0181)
25-0594-00-1628642-0-E,Administracion De Servicios Portuarios - Bolivia,Servicios Generales,CD,Servicio De Alquiler De Servidores Para La Asp-B Gestion 2026,False,2026-02-02,,Contratado,Maria Eugenia Poma Fernadez (Telf: 2432971),,La Paz,NB-SABS (D.S.0181)
25-0594-00-1628685-0-E,Administracion De Servicios Portuarios - Bolivia,Servicios Generales,CD,Arrendamiento De Oficina De Archivo Central O Biblioteca De La Asp - B Gestion 2026,False,2026-02-02,,Contratado,Maria Eugenia Poma Fernadez (Telf: 2432971),,La Paz,NB-SABS (D.S.0181)
25-0594-00-1628695-0-E,Administracion De Servicios Portuarios - Bolivia,Servicios Generales,CD,Arrendamiento De Inmueble Para El Funcionamiento De La Oficina Anexa A La Central - Gestion 2026,False,2026-02-02,,Contratado,Maria Eugenia Poma Fernadez (Telf: 2432971),,La Paz,NB-SABS (D.S.0181)
25-0594-00-1628708-0-E,Administracion De Servicios Portuarios - Bolivia,Servicios Generales,CD,Arrendamiento De Inmueble Para El Funcionamiento De Las Oficinas De La Regional Santa Cruz - Gestion 2026,False,2026-02-02,,Contratado,Maria Eugenia Poma Fernadez (Telf: 2432971),,La Paz,NB-SABS (D.S.0181)
25-0594-00-1628718-0-E,Administracion De Servicios Portuarios - Bolivia,Servicios Generales,OF,Arrendamiento De Inmueble Para El Funcionamiento De La Oficina De Puerto Ilo- Gestión 2026,False,2026-02-02,,Contratado,Maria Eugenia Poma Fernadez (Telf: 2432971),,La Paz,D.S. 26688
25-0594-00-1628738-0-E,Administracion De Servicios Portuarios - Bolivia,Servicios Generales,CD,Arrendamiento De Inmueble Para El Funcionamiento De La Oficina Sucursal Oruro - Gestión 2026,False,2026-02-02,,Contratado,Maria Eugenia Poma Fernadez (Telf: 2432971),,La Paz,NB-SABS (D.S.0181)
25-0594-00-1628743-0-E,Administracion De Servicios Portuarios - Bolivia,Servicios Generales,CD,Arrendamiento De Inmueble Para El Funcionamiento De La Oficina Sucursal Sucre - Gestión 2026,False,2026-02-02,,Contratado,Daneyva Shirley Torrico Apaza (Telf: 2432971),,La Paz,NB-SABS (D.S.0181)
25-0594-00-1628744-0-E,Administracion De Servicios Portuarios - Bolivia,Servicios Generales,CD,Arrendamiento De Inmueble Para El Funcionamiento De La Oficina Sucursal El Alto - Gestion 2026,False,2026-02-02,,Contratado,Maria Eugenia Poma Fernadez (Telf: 2432971),,La Paz,NB-SABS (D.S.0181)
25-0595-00-1628545-0-E,Gestora Publica De La Seguridad Social De Largo Plazo,Servicios Generales,CD,Servicio De Internet Linea Primaria Para La Gerencia Regional Valles,False,2026-02-02,,Contratado,Maria Eugenia Cuba Carrasco (Telf: 2188400),,La Paz,NB-SABS (D.S.0181)
25-0595-00-1628581-0-E,Gestora Publica De La Seguridad Social De Largo Plazo,Servicios Generales,CD,G26-Gngfc-Servicio De Internet Línea Primaria Para La Oficina Nacional De La Gestora,False,2026-02-02,,Contratado,Luis Mauricio Troche Garcia (Telf: 2188400),,La Paz,NB-SABS (D.S.0181)
25-0595-00-1628590-0-E,Gestora Publica De La Seguridad Social De Largo Plazo,Servicios Generales,CD,G26 – Grval- Servicio De Arrendamiento Para La Agencia 2 (Cochabamba),False,2026-02-02,,Contratado,Luis Mauricio Troche Garcia (Telf: 2188400),,La Paz,NB-SABS (D.S.0181)
25-0595-00-1628594-0-E,Gestora Publica De La Seguridad Social De Largo Plazo,Servicios Generales,CD,G26-Ucie-Servicio De Publicaciones En Prensa 3,False,2026-02-02,,Contratado,Luis Mauricio Troche Garcia (Telf: 2188400),,La Paz,NB-SABS (D.S.0181)
25-0595-00-1628643-0-E,Gestora Publica De La Seguridad Social De Largo Plazo,Servicios Generales,CD,G26-Gnarc-Servicio De Telefonia Linea 800,False,2026-02-02,,Contratado,Lourdes Marlene Lopez Rodriguez (Telf: 2188400),,La Paz,NB-SABS (D.S.0181)
25-0595-00-1628691-0-E,Gestora Publica De La Seguridad Social De Largo Plazo,Servicios Generales,CD,G26 - Ucie - Servicio De Publicidad Radial 1,False,2026-02-02,,Contratado,Abril Melani Laguna Zuñagua (Telf: 2188400),,La Paz,NB-SABS (D.S.0181)
25-0595-00-1628712-0-E,Gestora Publica De La Seguridad Social De Largo Plazo,Servicios Generales,CD,G26-Grocc- Servicio De Arrendamiento De La Agencia Satelite,False,2026-02-02,,Contratado,Luis Mauricio Troche Garcia (Telf: 2188400),,La Paz,NB-SABS (D.S.0181)
25-0595-00-1628719-0-E,Gestora Publica De La Seguridad Social De Largo Plazo,Servicios Generales,CD,G26-Gngfc-Servicio De Arrendamiento De Oficina Vi,False,2026-02-02,,Contratado,Abril Melani Laguna Zuñagua (Telf: 2188400),,La Paz,NB-SABS (D.S.0181)
25-0595-00-1628735-0-E,Gestora Publica De La Seguridad Social De Largo Plazo,Servicios Generales,CD,G26 – Grori - Servicio De Arrendamiento Agencia Omar Chavez (Santa Cruz),False,2026-02-02,,Contratado,Abril Melani Laguna Zuñagua (Telf: 2188400),,La Paz,NB-SABS (D.S.0181)
25-0595-00-1628747-0-E,Gestora Publica De La Seguridad Social De Largo Plazo,Servicios Generales,CD,G26 Grval Servicio De Arrendamiento Para La Agencia San Pedro (Cochabamba),False,2026-02-02,,Contratado,Abril Melani Laguna Zuñagua (Telf: 2188400),,La Paz,NB-SABS (D.S.0181)
25-0595-00-1628751-0-E,Gestora Publica De La Seguridad Social De Largo Plazo,Servicios Generales,CD,G26 - Grori - Servicio De Arrendamiento Oficina Regional Cobija,False,2026-02-02,,Contratado,Abril Melani Laguna Zuñagua (Telf: 2188400),,La Paz,NB-SABS (D.S.0181)
25-0595-00-1628752-0-E,Gestora Publica De La Seguridad Social De Largo Plazo,Servicios Generales,CD,Servicio De Publicación De Cartera Y Valores Adquiridos De Fondos De Pensiones,False,2026-02-02,,Contratado,Maria Eugenia Cuba Carrasco (Telf: 2188400),,La Paz,NB-SABS (D.S.0181)
25-0595-00-1628755-0-E,Gestora Publica De La Seguridad Social De Largo Plazo,Servicios Generales,CD,G26 – Grval- Servicio De Arrendamiento Para La Agencia Aiquile (Cochabamba),False,2026-02-02,,Contratado,Abril Melani Laguna Zuñagua (Telf: 2188400),,La Paz,NB-SABS (D.S.0181)
25-0595-00-1628757-0-E,Gestora Publica De La Seguridad Social De Largo Plazo,Servicios Generales,CD,G26 - Grval - Servicio De Arrendamiento Para La Agencia Villamontes (Tarija),False,2026-02-02,,Contratado,Abril Melani Laguna Zuñagua (Telf: 2188400),,La Paz,NB-SABS (D.S.0181)
25-0595-00-1628764-0-E,Gestora Publica De La Seguridad Social De Largo Plazo,Servicios Generales,CD,Servicio De Arrendamiento Agencia Vallegrande (Santa Cruz),False,2026-02-02,,Contratado,Maria Eugenia Cuba Carrasco (Telf: 2188400),,La Paz,NB-SABS (D.S.0181)
25-0595-00-1628765-0-E,Gestora Publica De La Seguridad Social De Largo Plazo,Servicios Generales,CD,G26 -Grocc - Servicio De Internet Para La Gerencia Regionaloccidente,False,2026-02-02,,Contratado,Abril Melani Laguna Zuñagua (Telf: 2188400),,La Paz,NB-SABS (D.S.0181)
25-0595-00-1628769-0-E,Gestora Publica De La Seguridad Social De Largo Plazo,Servicios Generales,CD,G26 - Grocc - Servicio De Arrendamiento De La Agencia: Uyuni,False,2026-02-02,,Contratado,Abril Melani Laguna Zuñagua (Telf: 2188400),,La Paz,NB-SABS (D.S.0181)
25-0595-00-1628771-0-E,Gestora Publica De La Seguridad Social De Largo Plazo,Servicios Generales,CD,G26-Grocc- Servicio De Arrendamiento De La Agencia: Zona 16 De Julio Teleferico - El Alto,False,2026-02-02,,Contratado,Abril Melani Laguna Zuñagua (Telf: 2188400),,La Paz,NB-SABS (D.S.0181)
25-0595-00-1628772-0-E,Gestora Publica De La Seguridad Social De Largo Plazo,Servicios Generales,CD,G26-Ucie-Servicio De Publicidad Radial 2,False,2026-02-02,,Contratado,Abril Melani Laguna Zuñagua (Telf: 2188400),,La Paz,NB-SABS (D.S.0181)
25-0660-04-1624096-0-E,Direccion Administrativa Y Financiera - Organo Judicial - Tribunal Agroambiental ,Bienes,CD,Provisión De Combustible (Gasolina Especial) Para El Tribunal Agroambiental - Gestión 2026,False,2026-02-02,,Contratado,Karol Diana Zurita Terrazas (Telf: 6425090),,Chuquisaca,NB-SABS (D.S.0181)
25-0670-00-1626045-0-E,Organo Electoral Plurinacional,Servicios Generales,CD,"Servicio De Apoyo Electoral Para ""Representante Del Tse En El Exterior Chile/Antofagasta""",False,2026-02-02,,Contratado,Katya Elena Maidana Escobar (Telf: 2424221 - 2410545),,La Paz,Otra Normativa especifica nacional
25-0670-00-1628528-0-E,Organo Electoral Plurinacional,Servicios Generales,CD,Servicios De Alquiler De Inmueble Para Funcionamiento De La Unidad Activos Fijos Para La Gestion 2026 - Sereci Santa Cruz,False,2026-02-02,,Contratado,Clive Khalid Montaño Canelas (Telf: 2424221 - 2410545),,La Paz,NB-SABS (D.S.0181)
25-0670-00-1628551-0-E,Organo Electoral Plurinacional,Servicios Generales,CD,Servicios De Alquiler Para La Oficina Sereci Desconcentrada Plan 3.000 Para La Gestion 2026 - Sereci Santa Cruz,False,2026-02-02,,Contratado,Clive Khalid Montaño Canelas (Telf: 2424221 - 2410545),,La Paz,NB-SABS (D.S.0181)
25-0670-00-1628572-0-E,Organo Electoral Plurinacional,Servicios Generales,CD,Alquiler De Inmueble De Funcionamiento De Oficina De Activos Fijos Y Bodega Para Resguardo De Activos Fijos Para La Gestión 2026,False,2026-02-02,,Contratado,Noemi Eliana Gutierrez Calamani (Telf: 2424221 - 2410545),,La Paz,NB-SABS (D.S.0181)
25-0670-00-1628664-0-E,Organo Electoral Plurinacional,Servicios Generales,CD,"Servicio De Apoyo Electoral Para ""Representante Notario Del Tse En El Exterior Francia/Paris"" Segunda Vuelta",False,2026-02-02,,Contratado,Katya Elena Maidana Escobar (Telf: 2424221 - 2410545),,La Paz,Otra Normativa especifica nacional
25-0670-00-1628674-0-E,Organo Electoral Plurinacional,Servicios Generales,CD,"Servicio De Apoyo Electoral Para ""Representante Notario Del Tse En El Exterior Peru/Puno"" Segunda Vuelta",False,2026-02-02,,Contratado,Katya Elena Maidana Escobar (Telf: 2424221 - 2410545),,La Paz,Otra Normativa especifica nacional
25-0670-00-1628693-0-E,Organo Electoral Plurinacional,Servicios Generales,CD,"Servicio De Apoyo Electoral Para ""Representante Notario Del Tse En El Exterior Perú/Lima""",False,2026-02-02,,Contratado,Katya Elena Maidana Escobar (Telf: 2424221 - 2410545),,La Paz,Otra Normativa especifica nacional
25-0670-00-1628768-0-E,Organo Electoral Plurinacional,Servicios Generales,CD,Servicio De Alquiler De Ambientes Para Centro De Empadronamiento Biometrico En La Zona Norte De La Ciudad De La Paz Para Las Elecciones Subnacionales 2026,False,2026-02-02,,Contratado,Jhonny Reynaldo Quenta Chavez (Telf: 2424221 - 2410545),,La Paz,Ley 1700 Elecciones Subnacionales 2026
25-0903-00-1628319-0-E,Gobierno Autónomo Departamental De Cochabamba,Bienes,CD,Dotacion De Combustible Gasolina Especial Y Diesel Oil Al Comando Departamental De Policia - Gestion 2026,False,2026-02-02,,Contratado,Rider Veizaga Rodriguez (Telf: 4519121-4255253),,Cochabamba,NB-SABS (D.S.0181)
25-1101-00-1628668-0-E,Gobierno Autonomo Municipal De Sucre,Obras,EX,Construccion Celda Auxiliar Para Disposicion Final De Residuos Solidos Lechuguillas,False,2026-02-02,,Contratado,Victor Hugo Arancibia Hinojosa (Telf: 6456185 - 6439769),,Chuquisaca,NB-SABS (D.S.0181)
25-1201-00-1627876-0-E,Gobierno Autonomo Municipal De La Paz,Bienes,EX,Adquisicion De Carne De Res Para La Alimentacion De La Fauna Albergada En El Bioparque Municipal Vesty Pakos Durante La Gestion 2026,False,2026-02-02,,Contratado,Sarah Castro Jerez (Telf: 2650000),,La Paz,NB-SABS (D.S.0181)
25-1206-00-1628627-0-E,Gobierno Autonomo Municipal De Viacha,Servicios Generales,CD,"Provision De Combustible (Servicio De Combustible, Gestion - 2026)",False,2026-02-02,,Contratado,Fernando Fernandez Callisaya (Telf: 2800006),,La Paz,NB-SABS (D.S.0181)
25-1247-00-1625256-0-E,Gobierno Autonomo Municipal De Mocomoco,Obras,CD,Construccion Sistema De Agua Potable Putina Qotamasa (Complementacion),False,2026-02-02,,Contratado,Fidelia Yanahuaya Chalco (Telf: 68120802),,La Paz,NB-SABS (D.S.0181)
25-1247-00-1625296-0-E,Gobierno Autonomo Municipal De Mocomoco,Consultoria,CM,Consultoria Por Producto Para La Const. Sistema De Microriego Suncallo (E.D.T.P.),False,2026-02-02,,Contratado,Fidelia Yanahuaya Chalco (Telf: 68120802),,La Paz,NB-SABS (D.S.0181)
25-1502-00-1628705-0-E,Gobierno Autonomo Municipal De Tinguipaya,Consultoria,CM,Responsable De Sistemas Y Tecnologia,False,2026-02-02,,Contratado,Evil Gildo Martinez Colque (Telf: 2-6136235),,Potosi,NB-SABS (D.S.0181)
25-1513-00-1628629-0-E,Gobierno Autonomo Municipal De Pocoata,Obras,CD,Mejoramiento De Camino Vecinal Sub Central Collana  Tuica,False,2026-02-02,,Contratado,Deysi Colque Concha (Telf: cel 72364078),,Potosi,NB-SABS (D.S.0181)
25-1513-00-1628689-0-E,Gobierno Autonomo Municipal De Pocoata,Bienes,EX,Adquisicion De Leche Como Desayuno Escolar Para Las Unidades Educativas Del Municipio De Pocoata Segundo Semestre Gestion 2025,False,2026-02-02,,Contratado,Deysi Colque Concha (Telf: cel 72364078),,Potosi,NB-SABS (D.S.0181)
25-1513-00-1628741-0-E,Gobierno Autonomo Municipal De Pocoata,Obras,EX,Const. Muro Perimetral Unidad Educativa Choco,False,2026-02-02,,Contratado,Deysi Colque Concha (Telf: cel 72364078),,Potosi,NB-SABS (D.S.0181)
25-1753-00-1628580-0-E,Gobierno Autonomo Municipal Fernandez Alonzo,Obras,CD,Servicio De Puesta Y Colocado De Cordones En La Av. Willy Tordoya D-1,False,2026-02-02,,Contratado,Veronica Arispe Garnica (Telf: 61388968),,Santa Cruz,NB-SABS (D.S.0181)
25-1753-00-1628625-0-E,Gobierno Autonomo Municipal Fernandez Alonzo,Obras,CD,Mantenimiento De La U.E. 29 De Septiembre Del D-4,False,2026-02-02,,Contratado,Veronica Arispe Garnica (Telf: 61388968),,Santa Cruz,NB-SABS (D.S.0181)
25-1810-00-1628588-0-E,Gobierno Autonomo Municipal De Santa Ana,Bienes,EX,78 Adquisicion De 852.-Kilos De Carne De Ganado Bovino Para El Abastecimiento De La Poblacion De Santa Ana Del Yacuma,False,2026-02-02,,Contratado,Jose Antonio Aquin Moreno (Telf: 34842062),,Beni,NB-SABS (D.S.0181)
25-1810-00-1628618-0-E,Gobierno Autonomo Municipal De Santa Ana,Bienes,EX,80 Adquisicion De 7.636.- Kilos De Carne De Ganado Bovino Para El Abastecimiento De La Poblacion De Santa Ana Del Yacuma,False,2026-02-02,,Contratado,Jose Antonio Aquin Moreno (Telf: 34842062),,Beni,NB-SABS (D.S.0181)
26-0041-07-1628773-1-1,Instituto Boliviano De Metrologia,Servicios Generales,ANPE,Servicio De Fotocopiado Para La Oficina Central Del Instituto Boliviano De Metrologia - Gestion 2026,True,2026-02-02,2026-02-06,Vigente,Cielo Cristal Quispe Quispe (Telf: 2372046),,La Paz,NB-SABS (D.S.0181)
26-0041-27-1628728-0-E,Unidad De Coordinacion Del Programa Piloto De Resiliencia Climatica - Ucp-Ppcr,Consultoria,CM,Responsable Tecnico De Programa Soberania I - Cfa 11752,False,2026-02-02,,Contratado,Genny Sofia Ramallo Fernandez (Telf: 72749043),,La Paz,NB-SABS (D.S.0181)
26-0041-27-1628737-0-E,Unidad De Coordinacion Del Programa Piloto De Resiliencia Climatica - Ucp-Ppcr,Consultoria,CM,Tecnico Ii - Financiero - Cfa 11752,False,2026-02-02,,Contratado,Genny Sofia Ramallo Fernandez (Telf: 72749043),,La Paz,NB-SABS (D.S.0181)
26-0139-00-1628637-0-E,Universidad Mayor De San Andres - Umsa,Consultoria,CM,"Consultor Individual De Linea Apoyo Administrativo: Analista En Difusión Y Comunicación Social De La (Udic), Programa Prisma Agropecuario, Facultad De Agronomía – Umsa",False,2026-02-02,,Contratado,Albaro Perez Garcia (Telf: 2441994),,La Paz,NB-SABS (D.S.0181)
26-0139-00-1628647-0-E,Universidad Mayor De San Andres - Umsa,Consultoria,CM,"Consultor Individual De Linea Apoyo Administrativo: Gestión Y Coordinación De La Unidad De Difusión Y Comunicación (Udic) Del Programa Prisma Agropecuario, Facultad De Agronomía – Umsa",False,2026-02-02,,Contratado,Albaro Perez Garcia (Telf: 2441994),,La Paz,NB-SABS (D.S.0181)
26-0139-00-1628661-0-E,Universidad Mayor De San Andres - Umsa,Consultoria,CM,Servicio De Consultoria Individual De Linea Apoyo Administrativo - Asistente Administrativo Academico Para La Carrera De Derecho De La Facultad De Derecho Y Ciencias Politicas,False,2026-02-02,,Contratado,Jamila Milenka Rada Torrico (Telf: 2441994),,La Paz,NB-SABS (D.S.0181)
26-0139-00-1628671-0-E,Universidad Mayor De San Andres - Umsa,Consultoria,CM,Servicio De Consultoria Individual De Linea Apoyo Administrativo - Asistente De Secretaria Academica Para La Carrera De Derecho De La Facultad De Derecho Y Ciencias Politcas,False,2026-02-02,,Contratado,Jamila Milenka Rada Torrico (Telf: 2441994),,La Paz,NB-SABS (D.S.0181)
26-0139-00-1628676-0-E,Universidad Mayor De San Andres - Umsa,Consultoria,CM,Servicio De Consultoria Individual De Linea Apoyo Administrativo - Control De Personal Docente (Turno Mañana) Para La Carrera De Derecho De La Facultad De Derecho Y Ciencias Politicas,False,2026-02-02,,Contratado,Jamila Milenka Rada Torrico (Telf: 2441994),,La Paz,NB-SABS (D.S.0181)
26-0206-05-1628630-0-E,Fortalecimiento Del Sistema Estadístico Del Estado Plurinacional De Bolivia,Consultoria,OF,Especialista En Capacitacion Agronomo,False,2026-02-02,,Contratado,Felix Espinoza Merida (Telf: 2222333),,La Paz,Normativa del Financiador
26-0234-00-1628539-0-E,Servicio Geologico Minero - Sergeomin,Consultoria,CM,Contratacion De Un Consultor Individual De Linea Profesional Iv Geologo - Geofisico Gestion 2026,False,2026-02-02,,Contratado,Ricardo Ticona Acarapi (Telf: 591-2-2330981-2331236),,La Paz,NB-SABS (D.S.0181)
26-0234-00-1628560-0-E,Servicio Geologico Minero - Sergeomin,Consultoria,CM,Contratacion Consultor Individual De Linea Tecnico I - Geologo Junior Ii Para La Umt Gestion 2026,False,2026-02-02,,Contratado,Ricardo Ticona Acarapi (Telf: 591-2-2330981-2331236),,La Paz,NB-SABS (D.S.0181)
26-0291-04-1628586-0-E,Administradora Boliviana De Carreteras - Regional Cochabamba,Servicios Generales,CM,Contratación Menor De Sereno Para El Campamento De Paracti - Gestión 2026,False,2026-02-02,,Contratado,Ruben Julio Figueroa Miranda (Telf: 4492264),,Cochabamba,NB-SABS (D.S.0181)
26-0376-00-1628529-0-E,Agencia Boliviana De Energia Nuclear,Consultoria,CM,Profesional En Ingenieria Electronica Cmnyr,False,2026-02-02,,Contratado,Ciro Veizaga Ortiz (Telf: 2127060),,La Paz,NB-SABS (D.S.0181)
26-0376-00-1628543-0-E,Agencia Boliviana De Energia Nuclear,Consultoria,CM,Profesional En Control Tecnico Del Contrato,False,2026-02-02,,Contratado,Ciro Veizaga Ortiz (Telf: 2127060),,La Paz,NB-SABS (D.S.0181)
26-0376-00-1628554-0-E,Agencia Boliviana De Energia Nuclear,Consultoria,CM,Profesional En Archivo Y Bibliotecologia Cmnyr,False,2026-02-02,,Contratado,Ciro Veizaga Ortiz (Telf: 2127060),,La Paz,NB-SABS (D.S.0181)
26-0376-00-1628563-0-E,Agencia Boliviana De Energia Nuclear,Consultoria,CM,Profesional En Gestion Financiera Y Economica Cmnyr,False,2026-02-02,,Contratado,Ciro Veizaga Ortiz (Telf: 2127060),,La Paz,NB-SABS (D.S.0181)
26-0376-00-1628569-0-E,Agencia Boliviana De Energia Nuclear,Consultoria,CM,Ingeniero Civil-Estructuras-Cidtn,False,2026-02-02,,Contratado,Ciro Veizaga Ortiz (Telf: 2127060),,La Paz,NB-SABS (D.S.0181)
26-0376-00-1628574-0-E,Agencia Boliviana De Energia Nuclear,Consultoria,CM,Profesional En Gestion De Documentacion,False,2026-02-02,,Contratado,Ciro Veizaga Ortiz (Telf: 2127060),,La Paz,NB-SABS (D.S.0181)
26-0433-00-1628611-1-1,Seguro Social Universitario - Potosi,Servicios Generales,LP,Adquisición Polizas De Seguros Para El Seguro Social Universitario Potosi Gestión 2026,False,2026-02-02,2026-02-27,Vigente,Natalia Cecilia Barrientos Montes (Telf: 6223227),,Potosi,NB-SABS (D.S.0181)
26-0433-00-1628660-1-1,Seguro Social Universitario - Potosi,Servicios Generales,ANPE,Servicios De Seguridad Privada 2026,True,2026-02-02,2026-02-06,Vigente,Natalia Cecilia Barrientos Montes (Telf: 6223227),,Potosi,NB-SABS (D.S.0181)
26-0514-00-1628027-0-E,Empresa Nacional De Electricidad - Ende,Consultoria,CM,Profesional Nivel V - Depg Pmig 1,False,2026-02-02,,Contratado,Rocio Flores Farfan (Telf: 4520317-2312865),,Cochabamba,NB-SABS (D.S.0181)
26-0514-00-1628523-0-E,Empresa Nacional De Electricidad - Ende,Consultoria,CM,Profesional Junior - Uadm 1,False,2026-02-02,,Contratado,Daniela Maldonado Torrico (Telf: 4520317-2312865),,Cochabamba,NB-SABS (D.S.0181)
26-0514-00-1628524-0-E,Empresa Nacional De Electricidad - Ende,Consultoria,CM,Auxiliatura Tecnica Administrativa Nivel Ii - Uadm 2,False,2026-02-02,,Contratado,Daniela Maldonado Torrico (Telf: 4520317-2312865),,Cochabamba,NB-SABS (D.S.0181)
26-0514-00-1628530-0-E,Empresa Nacional De Electricidad - Ende,Consultoria,CM,Tecnico Administrativo Nivel Iii - Upes 2,False,2026-02-02,,Contratado,Daniela Maldonado Torrico (Telf: 4520317-2312865),,Cochabamba,NB-SABS (D.S.0181)
26-0514-00-1628532-0-E,Empresa Nacional De Electricidad - Ende,Consultoria,CM,Auxiliatura Tecnica Administrativa Nivel Ii - Uadm 3,False,2026-02-02,,Contratado,Daniela Maldonado Torrico (Telf: 4520317-2312865),,Cochabamba,NB-SABS (D.S.0181)
26-0514-00-1628534-0-E,Empresa Nacional De Electricidad - Ende,Consultoria,CD,Profesional Junior - Gcor 2,False,2026-02-02,,Contratado,Daniela Maldonado Torrico (Telf: 4520317-2312865),,Cochabamba,NB-SABS (D.S.0181)
26-0514-00-1628548-0-E,Empresa Nacional De Electricidad - Ende,Consultoria,CD,Profesional Nivel V - Deem 5,False,2026-02-02,,Contratado,Daniela Maldonado Torrico (Telf: 4520317-2312865),,Cochabamba,NB-SABS (D.S.0181)
26-0514-00-1628556-0-E,Empresa Nacional De Electricidad - Ende,Consultoria,CD,Tecnico Administrativo Nivel Iii - Upnc 2,False,2026-02-02,,Contratado,Daniela Maldonado Torrico (Telf: 4520317-2312865),,Cochabamba,NB-SABS (D.S.0181)
26-0514-00-1628559-0-E,Empresa Nacional De Electricidad - Ende,Consultoria,CD,Profesional Junior - Gcor 1,False,2026-02-02,,Contratado,Daniela Maldonado Torrico (Telf: 4520317-2312865),,Cochabamba,NB-SABS (D.S.0181)
26-0514-00-1628565-0-E,Empresa Nacional De Electricidad - Ende,Consultoria,CM,Profesional Junior - Umer 1,False,2026-02-02,,Contratado,Daniela Maldonado Torrico (Telf: 4520317-2312865),,Cochabamba,NB-SABS (D.S.0181)
26-0514-00-1628576-0-E,Empresa Nacional De Electricidad - Ende,Consultoria,CD,Profesional Nivel Vi - Uain 2,False,2026-02-02,,Contratado,Daniela Maldonado Torrico (Telf: 4520317-2312865),,Cochabamba,NB-SABS (D.S.0181)
26-0514-00-1628584-0-E,Empresa Nacional De Electricidad - Ende,Consultoria,CD,Profesional Nivel V - Gose 1,False,2026-02-02,,Contratado,Daniela Maldonado Torrico (Telf: 4520317-2312865),,Cochabamba,NB-SABS (D.S.0181)
26-0514-00-1628597-0-E,Empresa Nacional De Electricidad - Ende,Consultoria,CD,Tecnico Administrativo Nivel Iii - Utlc 1,False,2026-02-02,,Contratado,Daniela Maldonado Torrico (Telf: 4520317-2312865),,Cochabamba,NB-SABS (D.S.0181)
26-0514-00-1628606-0-E,Empresa Nacional De Electricidad - Ende,Consultoria,CD,Profesional Nivel I - Gdee 1,False,2026-02-02,,Contratado,Daniela Maldonado Torrico (Telf: 4520317-2312865),,Cochabamba,NB-SABS (D.S.0181)
26-0514-00-1628607-0-E,Empresa Nacional De Electricidad - Ende,Consultoria,CD,Profesional Nivel V - Upnc 1,False,2026-02-02,,Contratado,Daniela Maldonado Torrico (Telf: 4520317-2312865),,Cochabamba,NB-SABS (D.S.0181)
26-0514-00-1628608-0-E,Empresa Nacional De Electricidad - Ende,Consultoria,CD,Profesional Nivel Vi - Upnc 1,False,2026-02-02,,Contratado,Daniela Maldonado Torrico (Telf: 4520317-2312865),,Cochabamba,NB-SABS (D.S.0181)
26-0514-00-1628610-0-E,Empresa Nacional De Electricidad - Ende,Consultoria,CD,Profesional Nivel Iv - Djur 2,False,2026-02-02,,Contratado,Daniela Maldonado Torrico (Telf: 4520317-2312865),,Cochabamba,NB-SABS (D.S.0181)
26-0514-00-1628634-0-E,Empresa Nacional De Electricidad - Ende,Consultoria,CD,Profesional Junior - Gose 5,False,2026-02-02,,Contratado,Daniela Maldonado Torrico (Telf: 4520317-2312865),,Cochabamba,NB-SABS (D.S.0181)
26-0514-00-1628638-0-E,Empresa Nacional De Electricidad - Ende,Consultoria,CD,Profesional Nivel Vi - Upnc 3,False,2026-02-02,,Contratado,Daniela Maldonado Torrico (Telf: 4520317-2312865),,Cochabamba,NB-SABS (D.S.0181)
26-0514-00-1628732-0-E,Empresa Nacional De Electricidad - Ende,Consultoria,CM,Profesional Nivel I - Depg Plag 1,False,2026-02-02,,Contratado,Rocio Flores Farfan (Telf: 4520317-2312865),,Cochabamba,NB-SABS (D.S.0181)
26-0525-00-1628650-0-E,Transportes Aereos Bolivianos  - Tab,Consultoria,CM,"Jefe Del Departamento De Sistema Sms, De Aseguramiento De La Calidad (Qa) Y Técnico Aviónico",False,2026-02-02,,Contratado,Ronald Percy Alarcon Alfaro (Telf: 2792373),,La Paz,NB-SABS (D.S.0181)
26-0660-13-1628759-1-1,Direccion Administrativa Y Financiera - Organo Judicial - La Paz,Bienes,CM,G26-Jaf-Ua-Alm - Adquisición De Toner Para Oficinas De El Alto Del Organo Judicial La Paz,False,2026-02-02,2026-02-05,Vigente,Edgar Tiburcio Quispe Copa (Telf: 2648500),,La Paz,NB-SABS (D.S.0181)
26-0660-13-1628766-1-1,Direccion Administrativa Y Financiera - Organo Judicial - La Paz,Bienes,CM,G26-Jaf-Ua-Alm - Adquisición De Tintas Y Cintas Para Impresoras De Marca Epson Para Plataformas De Atención Al Público E Informaciones El Alto Del Órgano Judicial Distrito La Paz,False,2026-02-02,2026-02-05,Vigente,Edgar Tiburcio Quispe Copa (Telf: 2648500),,La Paz,NB-SABS (D.S.0181)
26-0660-13-1628767-1-1,Direccion Administrativa Y Financiera - Organo Judicial - La Paz,Bienes,CM,G26-Jaf-Ua-Alm - Adquisición De Papel De Colores Para El Órgano Judicial La Paz,False,2026-02-02,2026-02-05,Vigente,Ana  Huanca (Telf: 2648500),,La Paz,NB-SABS (D.S.0181)
26-0670-00-1628598-0-E,Organo Electoral Plurinacional,Servicios Generales,CD,Servicio Individual De Apoyo Electoral -Supervisor De Control De Calidad Y Verificación Biográfica De Los Registros - Dn Sereci Eadrm 2026,False,2026-02-02,,Contratado,Mario Alberto Herrada Patiño (Telf: 2424221 - 2410545),,La Paz,Ley 1700 Elecciones Subnacionales 2026
26-0670-00-1628628-0-E,Organo Electoral Plurinacional,Servicios Generales,CD,Servicio Individual De Apoyo Electoral - Peritaje Dactilar Y Facial De Registros Biométricos - Empadronamiento Masivo - Dn Sereci Eadrm 2026,False,2026-02-02,,Contratado,Mario Alberto Herrada Patiño (Telf: 2424221 - 2410545),,La Paz,Ley 1700 Elecciones Subnacionales 2026
26-0670-06-1628623-1-1,Tribunal Electoral Departamental Del Beni,Servicios Generales,COOF,Alquiler De Equipos De Computación Para Personal Electoral De La Saf - Elecciones Subnacionales 2026,False,2026-02-02,2026-02-05,Vigente,Berthy Mery Natusch Coimbra (Telf: 46-21780),,Beni,Ley 1700 Elecciones Subnacionales 2026
26-0670-07-1628591-1-1,Tribunal Electoral Departamental De Oruro,Bienes,COOF,Adquisicion De Material Electrico Para Geografia Y Logistica Electoral Del Ribunal Electoral Departamental De Oruro - Elecciones Subnacionales 2026,False,2026-02-02,2026-02-05,Vigente,Marcos Carlos Zaconeta Colque (Telf: 591-252-54011),,Oruro,Ley 1700 Elecciones Subnacionales 2026
26-0670-07-1628602-1-1,Tribunal Electoral Departamental De Oruro,Servicios Generales,COOF,Mantenimiento De Impresoras Hp Laserjet 9000n De Alto Tráfico Y Escáneres De Alto Rendimiento Para La Sección De Tecnologías Del Tribunal Electoral Departamental De Oruro - Elecciones Subnacionales 2026,False,2026-02-02,2026-02-05,Vigente,Marcos Carlos Zaconeta Colque (Telf: 591-252-54011),,Oruro,Ley 1700 Elecciones Subnacionales 2026
26-0670-09-1628613-1-1,Tribunal Electoral Departamental De Santa Cruz,Servicios Generales,COOF,"Contratacion Servicio Alquiler Equipos De Computacion Para Las Distintas Areas Del Ted Santa Cruz (Grupo 1) - Elección De Autoridades Políticas Departamentales, Regionales Y Municipales (Elecciones Subnacionales 2026)",False,2026-02-02,2026-02-05,Vigente,Erick Bravo Borges (Telf: 3365070),,Santa Cruz,Ley 1700 Elecciones Subnacionales 2026
26-0670-09-1628616-1-1,Tribunal Electoral Departamental De Santa Cruz,Servicios Generales,COOF,"Contratacion Servicio Alquiler Equipos De Computacion Para Las Distintas Areas Del Ted Santa Cruz (Grupo 2) - Elección De Autoridades Políticas Departamentales, Regionales Y Municipales (Elecciones Subnacionales 2026)",False,2026-02-02,2026-02-05,Vigente,Erick Bravo Borges (Telf: 3365070),,Santa Cruz,Ley 1700 Elecciones Subnacionales 2026
26-0670-09-1628621-1-1,Tribunal Electoral Departamental De Santa Cruz,Servicios Generales,COOF,"Contratacion Servicio Alquiler Equipos De Computacion Para Las Distintas Areas Del Ted Santa Cruz (Grupo 3) - Elección De Autoridades Políticas Departamentales, Regionales Y Municipales (Elecciones Subnacionales 2026)",False,2026-02-02,2026-02-05,Vigente,Erick Bravo Borges (Telf: 3365070),,Santa Cruz,Ley 1700 Elecciones Subnacionales 2026
26-0670-09-1628683-1-1,Tribunal Electoral Departamental De Santa Cruz,Servicios Generales,COOF,"Contratacion Servicio Alquiler Equipos De Computacion Para Ugle - Elección De Autoridades Políticas Departamentales,Regionales Y Municipales (Elecciones Subnacionales 2026)",False,2026-02-02,2026-02-05,Vigente,Erick Bravo Borges (Telf: 3365070),,Santa Cruz,Ley 1700 Elecciones Subnacionales 2026
26-0903-17-1628605-1-1,Hospital Del Niño Manuel Ascencio Villarroel,Bienes,ANPP,Compra De Placas Radiograficas Para El Servicio De Rayos X Del Hospital Del Niño Manuel Ascencio Villarroel Anpe-1,True,2026-02-02,2026-02-13,Vigente,Remberto Mitma Merida (Telf: 4235254),,Cochabamba,NB-SABS (D.S.0181)
26-0906-03-1628521-1-1,Servicio Departamental De Salud Tarija - Sedes,Bienes,CND1,Adquisicion De Material De Limpieza Jabon Y Detergente Para El Hospital Regional San Juan De Dios,False,2026-02-02,2026-02-05,Vigente,Yesica Paz Camacho (Telf: 4-6643257),,Tarija,Compro Hecho en Bolivia (D.S.4505)
26-0906-03-1628585-1-1,Servicio Departamental De Salud Tarija - Sedes,Bienes,CM,Adquisicion De Repuesto Para Analizador De Quimica Sanguinea Del Hospital Regional San Juan De Dios,False,2026-02-02,2026-02-05,Vigente,Maria Jose Molina Rocabado (Telf: 4-6643257),,Tarija,NB-SABS (D.S.0181)
26-0908-35-1627184-1-1,Hospital Presidente German Busch,Bienes,ANPP,H.P.G.B./Anpp/Bienes/ N° 04/2026 Adquisicion De Medicamentos Escenciales (Albumina Humana Y Sol. Ringer Normal) Para Abastecer Al Servicio De Farmacia Del H.P.G.B. - Trinidad,True,2026-02-02,2026-02-12,Vigente,Yvana Elena Rodriguez Subieta (Telf: 4621810 - 4634108),,Beni,NB-SABS (D.S.0181)
26-0908-36-1628624-1-1,Hospital Materno Infantil Boliviano Japones,Bienes,CND1,Inicio De Compra De Carne De Res Entera De 1ra Y Molida De 1era Para La Alimentacion Del Personal De Salud Del Hospital Materno Infantil-Trinidad Correspondiente Al Mes De Febrero,False,2026-02-02,2026-02-04,Vigente,Freddy Moreno Salvatierra (Telf: 4628915),,Beni,Compro Hecho en Bolivia (D.S.4505)
26-0908-36-1628631-1-1,Hospital Materno Infantil Boliviano Japones,Bienes,CND1,Inicio De Compra De Carne De Pollo Para La Alimentación Del Personal De Salud Del Hospital Materno Infantil Correspondiente Al Mes De Febrero 2026,False,2026-02-02,2026-02-04,Vigente,Freddy Moreno Salvatierra (Telf: 4628915),,Beni,Compro Hecho en Bolivia (D.S.4505)
26-0908-36-1628640-1-1,Hospital Materno Infantil Boliviano Japones,Bienes,CND1,Inicio De Compra  De Arroz Para La Alimentacion Del Personal De Salud Del Hospital Materno Infantil Correspondiente Al Mes De Febrero 2026,False,2026-02-02,2026-02-04,Vigente,Freddy Moreno Salvatierra (Telf: 4628915),,Beni,Compro Hecho en Bolivia (D.S.4505)
26-0908-36-1628645-1-1,Hospital Materno Infantil Boliviano Japones,Bienes,CND1,"Inicio De Compra De Queso, Para La Alimentacion Del Personal De Salud En El Hospital Materno Infantil-Trinidad,Correspondiente Al Mes De Febrero 2026",False,2026-02-02,2026-02-04,Vigente,Freddy Moreno Salvatierra (Telf: 4628915),,Beni,Compro Hecho en Bolivia (D.S.4505)
26-0908-36-1628648-1-1,Hospital Materno Infantil Boliviano Japones,Bienes,CND1,Inicio De Compra De Alimentos Secos Con Ficha Tecnica Para La Alimentacion Del Personal De Salud Hospital Materno Infantil-Trinidad Correspondiente Al Mes De Febrero 2026,False,2026-02-02,2026-02-04,Vigente,Freddy Moreno Salvatierra (Telf: 4628915),,Beni,Compro Hecho en Bolivia (D.S.4505)
26-1120-00-1628669-1-1,Gobierno Autonomo Municipal De San Lucas,Servicios Generales,ANPE,Contratación De Maquinaria Pesada Oruga D7g Para Mantenimiento De Caminos Distrito Tambo Kasa,True,2026-02-02,2026-02-09,Vigente,Wenceslao Avila Martinez (Telf: 4-6937890 / 4-6937891),,Chuquisaca,NB-SABS (D.S.0181)
26-1120-00-1628687-1-1,Gobierno Autonomo Municipal De San Lucas,Bienes,ANPP,Adquisición De Productos (Aceite) Para La Alimentación Complementaria (Desayuno Y Almuerzo Escolar) Municipio De San Lucas Gestión 2026,True,2026-02-02,2026-02-13,Vigente,Wenceslao Avila Martinez (Telf: 4-6937890 / 4-6937891),,Chuquisaca,NB-SABS (D.S.0181)
26-1120-00-1628698-1-1,Gobierno Autonomo Municipal De San Lucas,Bienes,ANPP,Adquisición De Medicamentos E Insumos Del S.U.S. (Seguro Universal De Salud) Para La Fim (Farmacia Institucional Municipal) San Lucas – Primer Trimestre- Gestión 2026,True,2026-02-02,2026-02-13,Vigente,Wenceslao Avila Martinez (Telf: 4-6937890 / 4-6937891),,Chuquisaca,NB-SABS (D.S.0181)
26-1121-00-1628525-0-E,Gobierno Autonomo Municipal De Incahuasi,Servicios Generales,CD,"Servicio De Presentacion Artistica Musical En Vivo, Para La Conmemoracion De Los 56 Aniversario De Creacion Del Municipio De Incahuasi.",False,2026-02-02,,Contratado,Luis Hector Almazan Cano (Telf: 4-6937724),,Chuquisaca,NB-SABS (D.S.0181)
26-1201-00-1628609-0-E,Gobierno Autonomo Municipal De La Paz,Servicios Generales,CD,Servicio De Bacheo De Vias En El Municipio 2026,False,2026-02-02,,Contratado,Miguel Mejia Ali (Telf: 2650000),,La Paz,NB-SABS (D.S.0181)
26-1208-00-1628636-1-1,Gobierno Autonomo Municipal De Tiahuanacu,Bienes,CNC,Adquisición De Medicamentos Para El Centro De Salud Integral Tiahuanacu,True,2026-02-02,2026-02-06,Vigente,Vanessa Maria Paucara Diaz (Telf: 2895102),,La Paz,Compro Hecho en Bolivia (D.S.4505)
26-1208-00-1628641-1-1,Gobierno Autonomo Municipal De Tiahuanacu,Bienes,CNC,Adquisición De Medicamentos Para El Centro De Salud Pillapi,True,2026-02-02,2026-02-06,Vigente,Vanessa Maria Paucara Diaz (Telf: 2895102),,La Paz,Compro Hecho en Bolivia (D.S.4505)
26-1208-00-1628644-1-1,Gobierno Autonomo Municipal De Tiahuanacu,Bienes,ANPP,Provisión Y Distribución Desayuno Escolar (Alimentación Complementaria Escolar) Ración Líquida - Primer Semestre Gestión 2026,True,2026-02-02,2026-02-12,Vigente,Vanessa Maria Paucara Diaz (Telf: 2895102),,La Paz,NB-SABS (D.S.0181)
26-1208-00-1628733-1-1,Gobierno Autonomo Municipal De Tiahuanacu,Bienes,ANPE,Provisión Y Distribución Desayuno Escolar (Alimentación Complementaria Escolar) Ración Solida - Primer Semestre Gestión 2026,True,2026-02-02,2026-02-12,Vigente,Vanessa Maria Paucara Diaz (Telf: 2895102),,La Paz,NB-SABS (D.S.0181)
26-1212-00-1628159-1-1,Gobierno Autonomo Municipal De Umala,Bienes,ANPP,Alimentacion Complementaria Escolar (Desayuno Escolar),True,2026-02-02,2026-02-12,Vigente,Wilson Arcani Mallea (Telf: 71569767),,La Paz,NB-SABS (D.S.0181)
26-1213-00-1628553-1-1,Gobierno Autonomo Municipal De Ayo Ayo,Bienes,CNC,Adquisicion De Medicamentos E Insumos Farmaceuticos Para Centro De Salud Tolar Del Gobierno Autonomo Municipal De Ayo Ayo Correspondiente Al Primer Trimestre De La Gestion 2026,True,2026-02-02,2026-02-05,Vigente,Fidel Condori Condori (Telf: 76295248 - 75811360),,La Paz,Compro Hecho en Bolivia (D.S.4505)
26-1251-00-1624965-2-1,Gobierno Autonomo Municipal De Luribay,Consultoria,OF,Auditoria De Proyectos De Inversión Publica – (Auditoria Financiera De Proyecto “Rehabilitación De Suelos Agrícolas En Las Comunidades Del Municipio De Luribay” Financiado Por El Fondo De Desarrollo Indígena (Fdi),False,2026-02-02,2026-02-18,Vigente,Lusmila Yesenia Quiroz Colque (Telf: 74093569),,La Paz,Otra Normativa especifica nacional
26-1251-00-1628646-1-1,Gobierno Autonomo Municipal De Luribay,Bienes,CNC,Servicio De Salud Universal Y Gratuita Sus ( 1ra Adquisición De Medicamentos Para El Centro De Salud  Con Internación Luribay) ,True,2026-02-02,2026-02-05,Vigente,Lusmila Yesenia Quiroz Colque (Telf: 74093569),,La Paz,Compro Hecho en Bolivia (D.S.4505)
26-1251-00-1628651-1-1,Gobierno Autonomo Municipal De Luribay,Bienes,CNC,Servicio De Salud Universal Y Gratuita Sus ( 1ra Adquisición De Medicamentos Para El Centro De Salud Matara ),True,2026-02-02,2026-02-05,Vigente,Lusmila Yesenia Quiroz Colque (Telf: 74093569),,La Paz,Compro Hecho en Bolivia (D.S.4505)
26-1251-00-1628655-1-1,Gobierno Autonomo Municipal De Luribay,Bienes,CNC,Servicio De Salud Universal Y Gratuita Sus ( 1ra Adquisición De Medicamentos Para El Centro De Salud  Vilacora) ,True,2026-02-02,2026-02-05,Vigente,Lusmila Yesenia Quiroz Colque (Telf: 74093569),,La Paz,Compro Hecho en Bolivia (D.S.4505)
26-1251-00-1628657-1-1,Gobierno Autonomo Municipal De Luribay,Bienes,CNC,Servicio De Salud Universal Y Gratuita Sus ( 1ra Adquisición De Medicamentos Para El Centro De Salud Con Internación Pucuma ),True,2026-02-02,2026-02-05,Vigente,Lusmila Yesenia Quiroz Colque (Telf: 74093569),,La Paz,Compro Hecho en Bolivia (D.S.4505)
26-1251-00-1628662-1-1,Gobierno Autonomo Municipal De Luribay,Bienes,CNC,Servicio De Salud Universal Y Gratuita Sus ( 1ra Adquisición De Medicamentos Para El Centro De Salud Colliri) ,True,2026-02-02,2026-02-05,Vigente,Lusmila Yesenia Quiroz Colque (Telf: 74093569),,La Paz,Compro Hecho en Bolivia (D.S.4505)
26-1251-00-1628666-1-1,Gobierno Autonomo Municipal De Luribay,Bienes,CNC,Servicio De Salud Universal Y Gratuita Sus ( 1ra Adquisición De Medicamentos Para El Centro De Salud  Porvenir) ,True,2026-02-02,2026-02-05,Vigente,Lusmila Yesenia Quiroz Colque (Telf: 74093569),,La Paz,Compro Hecho en Bolivia (D.S.4505)
26-1251-00-1628672-1-1,Gobierno Autonomo Municipal De Luribay,Bienes,CNC,Servicio De Salud Universal Y Gratuita Sus ( 1ra Adquisición De Medicamentos Para El Centro De Salud Poroma),True,2026-02-02,2026-02-05,Vigente,Lusmila Yesenia Quiroz Colque (Telf: 74093569),,La Paz,Compro Hecho en Bolivia (D.S.4505)
26-1269-00-1628550-0-E,Gobierno Autonomo Municipal De General Juan Jose Perez (Charazani),Obras,EX,Const. De Aulas U..E. Huato,False,2026-02-02,,Contratado,Javier Andres Flores Mamani (Telf: ----),,La Paz,NB-SABS (D.S.0181)
26-1276-00-1627416-1-1,Gobierno Autonomo Municipal De Mapiri,Consultoria,OF,Auditoria Financiera A Los Estados Financieros Gestion 2025 Y Auditoria Operacional A Los Recursos De Idh Gestion 2025 Del Gobierno Autonomo Municipal De Mapiri,False,2026-02-02,2026-02-13,Vigente,Nitza Rivero Juli (Telf: 67033666),,La Paz,Otra Normativa especifica nacional
26-1279-00-1628068-1-2,Gobierno Autonomo Municipal De Jesus De Machaca,Bienes,ANPP,"Provision De Alimentacion Complementaria Escolar (Adquisicion De Alimentacion Complementaria Escolar En Racion Liquida, Solida Y Fruta Para Estudiantes De Las Unidades Educativas Del Gam Jesus De Machaca 2026)",True,2026-02-02,2026-02-10,Vigente,Eva Yujra Ticona (Telf: 71556784),,La Paz,NB-SABS (D.S.0181)
26-1282-00-1628696-1-1,Gobierno Autonomo Municipal De Santiago De Huata,Consultoria,OF,Auditoria Externa A Los Estados Financieros Y Auditoria Operativa Al Impuesto Directo A Los Hidrocarburos Idh - Gestión 2026 Del Gobierno Autónomo Municipal Santiago De Huata.,False,2026-02-02,2026-02-09,Vigente,Richard Choque Ramirez (Telf: 71204823),,La Paz,Otra Normativa especifica nacional
26-1286-00-1628519-1-1,Gobierno Autonomo Municipal De Huatajata,Bienes,ANPE,"Alimentacion Complementaria Escolar
 “Adquisision De Productos Alimenticios Para El Desayuno Escolar De Los Estudiantes De Las Unidades Educativas Del Municipio De Huatajata- Gestion 2026”",True,2026-02-02,2026-02-06,Anulado desde la convocatoria,Abdon Loza Gutierrez (Telf: 68139688),,La Paz,NB-SABS (D.S.0181)
26-1286-00-1628761-1-1,Gobierno Autonomo Municipal De Huatajata,Bienes,ANPE,Adquisicion De Alimentacion Complementaria Escolar Para Las Unidades Educativas De Municipio De Huatajata,True,2026-02-02,2026-02-06,Vigente,Abdon Loza Gutierrez (Telf: 68139688),,La Paz,NB-SABS (D.S.0181)
26-1304-00-1628776-1-1,Gobierno Autonomo Municipal De Tiquipaya,Obras,LP,Const. U.E. Encanto Pampa Otb Encanto Pampa - Tiquipaya,True,2026-02-02,2026-02-25,Vigente,Usmael Heber Rios Villca (Telf: 44287320),,Cochabamba,NB-SABS (D.S.0181)
26-1305-00-1625629-0-E,Gobierno Autonomo Municipal De Vinto,Bienes,CD,"“Compra De Combustible (Diesel Y Gasolina) Para El Parque Automotor Del Gobierno Autonomo Municipal De Vinto, Mes De Enero Gestion 2026”",False,2026-02-02,,Contratado,Iris Mariela Zapata Sanchez (Telf: 4260150),,Cochabamba,NB-SABS (D.S.0181)
26-1327-00-1628037-1-1,Gobierno Autonomo Municipal De Capinota,Bienes,ANPP,Compra De Medicamentos E Insumos Ley 1152 Sus Primer Semestre,True,2026-02-02,2026-02-13,Vigente,Noe Zenteno Arce (Telf: 4389007- 4388331),,Cochabamba,NB-SABS (D.S.0181)
26-1343-00-1627660-1-1,Gobierno Autonomo Municipal De Vila Vila,Bienes,ANPE,"""Adquisicion De Medicamentos E Insumos Semestral Para El Centro De Salud Integral Vila Vila - Gestion 2026""",True,2026-02-02,2026-02-06,Vigente,Monica Susana Peña Arce (Telf: 4508644),,Cochabamba,NB-SABS (D.S.0181)
26-1347-00-1628522-0-E,Gobierno Autonomo Municipal De Shinahota,Consultoria,CM,"Contratación De Servicio De Consultoría Individual De Línea: Médico General Iii, Centro De Salud Shinahota",False,2026-02-02,,Contratado,Marisa Perez Luis (Telf: 44136409-67402279),,Cochabamba,NB-SABS (D.S.0181)
26-1347-00-1628526-0-E,Gobierno Autonomo Municipal De Shinahota,Consultoria,CM,Contratación De Servicio De Consultoría Individual De Línea: Responsable De Farmacia,False,2026-02-02,,Contratado,Mery Solis Armas (Telf: 44136409-67402279),,Cochabamba,NB-SABS (D.S.0181)
26-1347-00-1628541-0-E,Gobierno Autonomo Municipal De Shinahota,Consultoria,CM,Contratación De Servicio De Consultoría Individual De Línea Auxiliar Enfermería Viii Para El Hospital San Martin De Porres - Ibuelo,False,2026-02-02,,Contratado,Marisa Perez Luis (Telf: 44136409-67402279),,Cochabamba,NB-SABS (D.S.0181)
26-1347-00-1628557-0-E,Gobierno Autonomo Municipal De Shinahota,Consultoria,CM,"Contratación De Servicio De Consultoría Individual De Línea: Encargado De Caja, Almacén Y Admisión",False,2026-02-02,,Contratado,Mery Solis Armas (Telf: 44136409-67402279),,Cochabamba,NB-SABS (D.S.0181)
26-1347-00-1628573-0-E,Gobierno Autonomo Municipal De Shinahota,Consultoria,CM,"Contratacion De Servicio De Consultoria Individual De Linea ""Auxiliar Administrativo Y Archivos""",False,2026-02-02,,Contratado,Marisa Perez Luis (Telf: 44136409-67402279),,Cochabamba,NB-SABS (D.S.0181)
26-1347-00-1628592-0-E,Gobierno Autonomo Municipal De Shinahota,Consultoria,CM,"Contratación De Servicio De Consultoría Individual De Línea Limpieza I, Laboratorio Para El Hospital San Martin De Porres - Ibuelo",False,2026-02-02,,Contratado,Marisa Perez Luis (Telf: 44136409-67402279),,Cochabamba,NB-SABS (D.S.0181)
26-1435-00-1628626-1-1,Gobierno Autonomo Municipal De Soracachi,Consultoria,ANPE,Servicios De Salud Universal Y Gratuita – Sus (Contratación De Consultores Individuales De Línea: 3 Médicos Generales Y 2 Licenciadas/Os En Enfermería Para Los Establecimientos De Salud Del Municipio De Soracachi),False,2026-02-02,2026-02-06,Vigente,Celso Cruz Mamani (Telf: 63661101),,Oruro,NB-SABS (D.S.0181)
26-1435-00-1628701-1-1,Gobierno Autonomo Municipal De Soracachi,Bienes,CNC,Servicios De Salud Universal Y Gratuita - Sus (Adq. De Medicamentos De La Ley 1152 Correspondiente Al Primer Trimestre De La Gestion 2026),True,2026-02-02,2026-02-05,Vigente,Celso Cruz Mamani (Telf: 63661101),,Oruro,Compro Hecho en Bolivia (D.S.4505)
26-1509-00-1628589-1-1,Gobierno Autonomo Municipal De Chaqui,Bienes,CNC,Adquisición De Complemento Nutricional Para El Adulto Mayor Carmelo (Servicios De Salud Universal Y Gratuita - Sus) Gestión 2026,True,2026-02-02,2026-02-05,Vigente,Ernesto Mendez Marquez (Telf: 026136465),,Potosi,Compro Hecho en Bolivia (D.S.4505)
26-1509-00-1628595-1-1,Gobierno Autonomo Municipal De Chaqui,Bienes,CNC,Adquisición De Complemento Nutricional Nutribebe (Programa De Apoyo A La Desnutrición) Gestión 2026,True,2026-02-02,2026-02-05,Vigente,Ernesto Mendez Marquez (Telf: 026136465),,Potosi,Compro Hecho en Bolivia (D.S.4505)
26-1509-00-1628659-1-1,Gobierno Autonomo Municipal De Chaqui,Bienes,ANPP,Apoyo A La Permanencia Escolar Gestion 2026 (Desayuno Escolar),True,2026-02-02,2026-02-12,Vigente,Ernesto Mendez Marquez (Telf: 026136465),,Potosi,NB-SABS (D.S.0181)
26-1512-00-1628059-1-1,Gobierno Autonomo Municipal De Ravelo,Bienes,ANPE,"Desayuno Escolar Municipio Ravelo, Alimentación Complementaria Correspondiente Al Primer Semestre Mediante D.S.Nº 0181 Gestión 2026",True,2026-02-02,2026-02-06,Vigente,Ariel Gustavo Hinojosa Porco (Telf: 72895076),,Potosi,NB-SABS (D.S.0181)
26-1512-00-1628762-1-1,Gobierno Autonomo Municipal De Ravelo,Bienes,CNC,"Desayuno Escolar Municipio Ravelo Alimentación Complementaria Para El Primer Semestre Mediante D.S.Nº 4505 - Chb, Gestión 2026",True,2026-02-02,2026-02-06,Vigente,Ariel Gustavo Hinojosa Porco (Telf: 72895076),,Potosi,Compro Hecho en Bolivia (D.S.4505)
26-1515-00-1628694-0-E,Gobierno Autonomo Municipal De San Pedro De Buena Vista,Consultoria,CM,Consultoria Individual De Linea - Conductor De Ambulancia Centro De Salud Chiro Kasa,False,2026-02-02,,Contratado,David Pillco Atanacio (Telf: 71820923),,Potosi,NB-SABS (D.S.0181)
26-1515-00-1628697-0-E,Gobierno Autonomo Municipal De San Pedro De Buena Vista,Consultoria,CM,Consultoria Individual De Linea - Auxiliar De Almacenes,False,2026-02-02,,Contratado,David Pillco Atanacio (Telf: 71820923),,Potosi,NB-SABS (D.S.0181)
26-1515-00-1628707-0-E,Gobierno Autonomo Municipal De San Pedro De Buena Vista,Consultoria,CM,Consultoria Individual De Linea - Auxiliar De Activos Fijos,False,2026-02-02,,Contratado,David Pillco Atanacio (Telf: 71820923),,Potosi,NB-SABS (D.S.0181)
26-1528-00-1628517-1-1,Gobierno Autonomo Municipal De Puna (Villa Talavera),Bienes,ANPP,Adquisición De Alimentos Para El Fortalecimiento A Internados Del Municipio De Puna Gestión 2026,True,2026-02-02,2026-02-12,Vigente,Ariel Mendez Camacho (Telf: 26136212),,Potosi,NB-SABS (D.S.0181)
26-1529-00-1628756-1-1,"Gobierno Autonomo Municipal De Caiza ""D""",Bienes,ANPE,"Adquisicion De Alimentos Secos Para Internados Del Municipio De Caiza ""D"" - Gestion 2026",True,2026-02-02,2026-02-06,Vigente,Alexander Avila Cano (Telf: 26136357),,Potosi,NB-SABS (D.S.0181)
26-1529-00-1628763-1-1,"Gobierno Autonomo Municipal De Caiza ""D""",Bienes,ANPE,"Adquisicion De Luminarias Y Accesorios Para Mantenimiento De Alumbrado Publico Mun. De Caiza ""D"" – Gestion 2026",True,2026-02-02,2026-02-06,Vigente,Alexander Avila Cano (Telf: 26136357),,Potosi,NB-SABS (D.S.0181)
26-1537-00-1628180-1-1,Gobierno Autonomo Municipal De Villazon,Bienes,ANPP,Adquisicion De Alimentos Secos Para Las Unidades Educativas Del Area Dispersa Gestion 2026 (Provision Alimentacion Complementaria Escolar Area Dispersa) Items Desiertos,True,2026-02-02,2026-02-13,Vigente,Sandy Miranda Bravo (Telf: 5972119),,Potosi,NB-SABS (D.S.0181)
26-1606-00-1628531-1-1,Gobierno Autonomo Municipal De Villamontes,Bienes,CNC,Adquisición De Oxigeno Para El Hospital Villa Montes Primer Semestre Gestion 2026,True,2026-02-02,2026-02-05,Vigente,Yhara Escalante Tejerina (Telf: 6722379 / 6722993),,Tarija,Compro Hecho en Bolivia (D.S.4505)
26-1606-00-1628536-1-1,Gobierno Autonomo Municipal De Villamontes,Bienes,CNC,Adquisición I De Medicamentos Para El Hospital Villa Montes Gestion 2026,True,2026-02-02,2026-02-05,Vigente,Yhara Escalante Tejerina (Telf: 6722379 / 6722993),,Tarija,Compro Hecho en Bolivia (D.S.4505)
26-1606-00-1628547-1-1,Gobierno Autonomo Municipal De Villamontes,Bienes,CM,Adquisicion Y Distribucion De Raciones De Alimento Complementario Escolar Para Los Estudiantes De La Unidad Educativa 27 De Mayo De Puesto Garcia Del Municipio De Villa Montes - Gestion 2026,False,2026-02-02,2026-02-05,Vigente,Yhara Escalante Tejerina (Telf: 6722379 / 6722993),,Tarija,NB-SABS (D.S.0181)
26-1606-00-1628561-1-1,Gobierno Autonomo Municipal De Villamontes,Bienes,CM,Adquisicion Y Distribucion De Raciones De Alimento Complementario Escolar Para Los Estudiantes De La Unidad Educativa Ismael Montes Nocturno Del Municipio De Villa Montes - Gestion 2026,False,2026-02-02,2026-02-05,Vigente,Yhara Escalante Tejerina (Telf: 6722379 / 6722993),,Tarija,NB-SABS (D.S.0181)
26-1606-00-1628566-1-1,Gobierno Autonomo Municipal De Villamontes,Bienes,CM,Adquisicion Y Distribucion De Raciones De Alimento Complementario Escolar Para Los Estudiantes De La Unidad Educativa Juancito Pinto Del Municipio De Villa Montes - Gestion 2026,False,2026-02-02,2026-02-05,Vigente,Yhara Escalante Tejerina (Telf: 6722379 / 6722993),,Tarija,NB-SABS (D.S.0181)
26-1606-00-1628568-1-1,Gobierno Autonomo Municipal De Villamontes,Bienes,CM,Adquisicion Y Distribucion De Raciones De Alimento Complementario Escolar Para Los Estudiantes De La Unidad Educativa Tucainti Del Municipio De Villa Montes - Gestion 2026,False,2026-02-02,2026-02-05,Vigente,Yhara Escalante Tejerina (Telf: 6722379 / 6722993),,Tarija,NB-SABS (D.S.0181)
26-1608-00-1628535-1-1,Gobierno Autonomo Municipal De Yunchara,Bienes,CNC,Adquisicion De Medicamentos Para El Centro De Salud Belen Municipio De Yunchara (Primer Semestre),True,2026-02-02,2026-02-06,Vigente,Patricia Barrios Retamozo (Telf: 72985822),,Tarija,Compro Hecho en Bolivia (D.S.4505)
26-1608-00-1628710-1-1,Gobierno Autonomo Municipal De Yunchara,Bienes,CNC,Adquisicion De Medicamentos Para El Centro De Salud Yunchara Municipio De Yunchara (Primer Semestre).,True,2026-02-02,2026-02-05,Vigente,Patricia Barrios Retamozo (Telf: 72985822),,Tarija,Compro Hecho en Bolivia (D.S.4505)
26-1608-00-1628714-1-1,Gobierno Autonomo Municipal De Yunchara,Bienes,CNC,Adquisicion De Medicamentos Para El Centro De Salud Pasajes Municipio De Yunchara (Primer Semestre).,True,2026-02-02,2026-02-05,Vigente,Patricia Barrios Retamozo (Telf: 72985822),,Tarija,Compro Hecho en Bolivia (D.S.4505)
26-1608-00-1628716-1-1,Gobierno Autonomo Municipal De Yunchara,Bienes,CNC,Adquisicion De Medicamentos Para El Centro De Salud Ñoquera Municipio De Yunchara (Primer Semestre).,True,2026-02-02,2026-02-05,Vigente,Patricia Barrios Retamozo (Telf: 72985822),,Tarija,Compro Hecho en Bolivia (D.S.4505)
26-1608-00-1628720-1-1,Gobierno Autonomo Municipal De Yunchara,Bienes,CNC,Adquisicion De Medicamentos Para El Centro De Salud Huayllajara Municipio De Yunchara (Primer Semestre),True,2026-02-02,2026-02-05,Vigente,Patricia Barrios Retamozo (Telf: 72985822),,Tarija,Compro Hecho en Bolivia (D.S.4505)
26-1608-00-1628724-1-1,Gobierno Autonomo Municipal De Yunchara,Bienes,CNC,Adquisicion De Medicamentos Para El Centro De Salud Tojo Municipio De Yunchara (Primer Semestre).,True,2026-02-02,2026-02-06,Vigente,Patricia Barrios Retamozo (Telf: 72985822),,Tarija,Compro Hecho en Bolivia (D.S.4505)
26-1608-00-1628729-1-1,Gobierno Autonomo Municipal De Yunchara,Bienes,CNC,Adquisicion De Medicamentos Para El Centro De Salud Papachacra Municipio De Yunchara (Primer Semestre),True,2026-02-02,2026-02-06,Vigente,Patricia Barrios Retamozo (Telf: 72985822),,Tarija,Compro Hecho en Bolivia (D.S.4505)
26-1702-00-1628667-1-1,Gobierno Autonomo Municipal De Cotoca,Bienes,CNC,Compra De  Carbamazepina - Comprimido Para El Sistema Unico De Salud Del Municipio De Cotoca.,True,2026-02-02,2026-02-05,Vigente,Vivian Ruth Cadario Mercado (Telf: 3882547),,Santa Cruz,Compro Hecho en Bolivia (D.S.4505)
26-1702-00-1628675-1-1,Gobierno Autonomo Municipal De Cotoca,Bienes,CNC,Compra De Paracetamol (Acetaminofeno) - Comprimido Para El Sistema Unico De Salud Del Municipio De Cotoca.,True,2026-02-02,2026-02-05,Vigente,Vivian Ruth Cadario Mercado (Telf: 3882547),,Santa Cruz,Compro Hecho en Bolivia (D.S.4505)
26-1702-00-1628682-1-1,Gobierno Autonomo Municipal De Cotoca,Bienes,CNC,Compra De Sulfato De Magnesio - Inyectable Para El Sistema Unico De Salud Del Municipio De Cotoca,True,2026-02-02,2026-02-05,Vigente,Vivian Ruth Cadario Mercado (Telf: 3882547),,Santa Cruz,Compro Hecho en Bolivia (D.S.4505)
26-1707-00-1628513-1-1,Gobierno Autonomo Municipal De San Ignacio (San Ignacio De Velasco),Bienes,CM,Adquisicion De Material De Limpieza Para Las Unidades Educativas Urbanas Del Distrito 1 De San Ignacio De Velasco Gestion 2026,False,2026-02-02,2026-02-05,Vigente,Sara Barboza Achacollo (Telf: 9622056 - 9624222),,Santa Cruz,NB-SABS (D.S.0181)
26-1707-00-1628656-1-1,Gobierno Autonomo Municipal De San Ignacio (San Ignacio De Velasco),Bienes,CM,Adquisicion De Material De Limpieza Para Las Unidades Educativas Urbanas Del Distrito 2 De San Ignacio De Velasco Gestion 2026,False,2026-02-02,2026-02-05,Vigente,Sara Barboza Achacollo (Telf: 9622056 - 9624222),,Santa Cruz,NB-SABS (D.S.0181)
26-1707-00-1628730-1-1,Gobierno Autonomo Municipal De San Ignacio (San Ignacio De Velasco),Bienes,CM,Adquisicion De Material De Limpieza Para Las Unidades Educativas Urbanas Del Distrito 3 De San Ignacio De Velasco Gestion 2026,False,2026-02-02,2026-02-05,Vigente,Sara Barboza Achacollo (Telf: 9622056 - 9624222),,Santa Cruz,NB-SABS (D.S.0181)
26-1738-00-1628727-1-1,Gobierno Autonomo Municipal De San Javier,Bienes,CNC,Adquisicion De Complemento Nutricional Para El Adulto Mayor Carmelo,True,2026-02-02,2026-02-06,Vigente,Dania Gisela Gutierrez Perez (Telf: 9635001),,Santa Cruz,Compro Hecho en Bolivia (D.S.4505)
26-1803-00-1628600-1-1,Gobierno Autonomo Municipal De Riberalta,Bienes,CNC,Primera Contratacion Menor De Metamizol Para Los Diferentes Servicios Del Hospital General Riberalta Gestión 2026,True,2026-02-02,2026-02-09,Vigente,Jefferson Landivar Tereba (Telf: 8522417),,Beni,Compro Hecho en Bolivia (D.S.4505)
26-1910-00-1628770-1-1,Gobierno Autonomo Municipal De Sena,Bienes,ANPE,Adquisición De Medicamentos Para Los Establecimientos De Salud Cierre De Gestión 2025 (Items No Registrados C.H.B.),True,2026-02-02,2026-02-06,Vigente,Charlie Mendieta Ojopi (Telf: 8423584),,Pando,NB-SABS (D.S.0181)
26-4601-00-1628711-1-1,Gobierno Autonomo Regional Del Gran Chaco,Bienes,CNC,Adquisición De Productos Para La Canasta Alimentaria De Las Personas De La Tercera Edad Gestión 2026,True,2026-02-02,2026-02-06,Vigente,Janeth  Camacho (Telf: 46822041),,Tarija,Compro Hecho en Bolivia (D.S.4505)
26-4601-00-1628726-1-1,Gobierno Autonomo Regional Del Gran Chaco,Bienes,CNC,Adquisición De Productos Para El Paquete Alimentario Para Las Personas Con Discapacidad Gestión 2026,True,2026-02-02,2026-02-06,Vigente,Janeth  Camacho (Telf: 46822041),,Tarija,Compro Hecho en Bolivia (D.S.4505)
