cuce,entidad,tipo_de_contratacion,modalidad,objeto_de_contratacion,subasta,fecha_publicacion,fecha_presentacion,estado,persona_contacto,fecha_adjudicacion_desierta,departamento,normativa
25-0548-00-1593419-0-E,Cofadena Oficina Central,Bienes,CD,Adquisición De Combustible Para El Abastecimiento De Diésel Y Gasolina Para El Proyecto “Mejoramiento De Accesos Viales Y Conformación De Plataformas Para Accesos Principales”,False,2026-01-01,,Contratado,Janeth Jamillo Perez (Telf: 2433810),,La Paz,NB-SABS (D.S.0181)
25-1541-00-1624206-1-1,Gobierno Autonomo Municipal San Pedro De Macha,Consultoria,ANPE,Consultores En Linea - Medicos Y Para Medicos Red De Salud San Pedro De Macha (Gestion 2026),False,2026-01-02,2026-01-08,Vigente,Ambrosio Chumacero Yucra (Telf: 72407888),,Potosi,NB-SABS (D.S.0181)
25-1541-00-1624235-1-1,Gobierno Autonomo Municipal San Pedro De Macha,Consultoria,ANPP,Fortalecimiento A La Salud (Consultores Individuales De Linea Gestion 2026),False,2026-01-02,2026-01-13,Vigente,Ambrosio Chumacero Yucra (Telf: 72407888),,Potosi,NB-SABS (D.S.0181)
24-1431-00-1623533-0-E,Gobierno Autonomo Municipal De Sabaya,Bienes,EX,Adquisición De Insumos Para La Alimentación Complementaria Escolar ( Declarados Desiertos Cnc Arroz Y Carne),False,2026-01-04,,Contratado,Nilda Cussi Colque (Telf: 25134116),,Oruro,NB-SABS (D.S.0181)
25-3701-00-1624666-0-E,Gaioc De Charagua Iyambae,Consultoria,CM,Medico Pediatra Para El Centro De Salud Integral Mamerto Eguez Soruco,False,2026-01-04,,Contratado,Jose Domingo Pedraza Alcantara (Telf: 73320206),,Santa Cruz,NB-SABS (D.S.0181)
25-3701-00-1624667-0-E,Gaioc De Charagua Iyambae,Consultoria,CM,Medico General V Para El Centro De Salud Integral Mamerto Eguez Soruco,False,2026-01-04,,Contratado,Jose Domingo Pedraza Alcantara (Telf: 73320206),,Santa Cruz,NB-SABS (D.S.0181)
25-0015-01-1624674-0-E,Policia Boliviana,Servicios Generales,CD,"Adquisición De Combustible (Gasolina Especial Y Diésel Oíl) Para El Parque Automotor Del Comando Departamental De Policía De Santa Cruz, Para  Servicios Ordinarios Y Extraordinarios De La Gestion 2026",False,2026-01-05,,Contratado,Carlos Quispe Condori (Telf: 2-433211),,La Paz,NB-SABS (D.S.0181)
25-0020-00-1624714-0-E,Ministerio De Defensa ,Servicios Generales,EM,"Servicio De Alquiler De Maquinaria Pesada (Excavadoras, Retroexcavadoras, Palas Cargadoras), Para 8 Barrios Del Gobierno Autónomo Municipal De Cobija, Provincia Nicolás Suárez, Del Departamento De Pando",False,2026-01-05,,Contratado,Litzie Lizeth Choque Soto (Telf: 2610400 - 2432525),,La Paz,NB-SABS (D.S.0181)
25-0046-21-1623892-1-1,Seguro Social Universitario - Cochabamba,Bienes,CM,Medicamentos Oncologicos  12,False,2026-01-05,2026-01-08,Vigente,Elsa Victoria Silva Bustillo (Telf: 4226772),,Cochabamba,NB-SABS (D.S.0181)
25-0578-00-1621699-0-E,Empresa Publica Nacional Estrategica Boliviana De Aviacion - Bo A,Bienes,CD,"(Da-233) Compra De Producto Aeronáutico -Material Requerido Complementario Para El Cumplimiento Del Ad 2019-08-04, Para El Cp 2852.",False,2026-01-05,,Contratado,Jaquelin Noemi Laime Quisbert (Telf: 4150000),,Cochabamba,D.S. 26688
25-0578-00-1623760-0-E,Empresa Publica Nacional Estrategica Boliviana De Aviacion - Bo A,Bienes,CD,(Ga-556) Compra De Productos Aeronáuticos Para La Flota Boa,False,2026-01-05,,Contratado,Elizabeth Triveno Pedro (Telf: 4150000),,Cochabamba,D.S. 26688
25-0578-00-1623766-0-E,Empresa Publica Nacional Estrategica Boliviana De Aviacion - Bo A,Bienes,CD,(Ga-563) Compra De Productos Aeronautico P/N: Jet Oil Ii-Qt,False,2026-01-05,,Contratado,Elizabeth Triveno Pedro (Telf: 4150000),,Cochabamba,D.S. 26688
25-0578-00-1624692-0-E,Empresa Publica Nacional Estrategica Boliviana De Aviacion - Bo A,Bienes,CD,(Gm-476) Compra De Producto Aeronáutico - Pn: 541674-4,False,2026-01-05,,Contratado,Jaquelin Noemi Laime Quisbert (Telf: 4150000),,Cochabamba,D.S. 26688
25-0578-00-1624698-0-E,Empresa Publica Nacional Estrategica Boliviana De Aviacion - Bo A,Bienes,CD,(Gm-481) Compra De Producto Aeronáutico - Pn: 13e41-5,False,2026-01-05,,Contratado,Jaquelin Noemi Laime Quisbert (Telf: 4150000),,Cochabamba,D.S. 26688
25-0660-14-1624144-0-E,Direccion Administrativa Y Financiera - Organo Judicial - Cochabamba,Servicios Generales,CD,Provision De Combustible Para Vehiculos Del Organo Judicial De Cochabamba 2026,False,2026-01-05,,Contratado,Dayana Fabiola Mirabal Sangueza (Telf: 4050074 - 71430604),,Cochabamba,NB-SABS (D.S.0181)
25-0905-00-1624687-0-E,Gobierno Autónomo Departamental De Potosí,Obras,EX,Const. Sistema De Agua Potable Comunidad Tatasi,False,2026-01-05,,Contratado,Veronica Andrea Fajardo Fernandez (Telf: 6229679),,Potosi,NB-SABS (D.S.0181)
25-1201-00-1624678-0-E,Gobierno Autonomo Municipal De La Paz,Obras,EX,Reconstruccion Aceras Y Obras Complementarias Calle Delgado (Calle 1) Y Calle Linares Entre Avenida Inofuentes Y Calle Soto Zona Bajo Achumani,False,2026-01-05,,Contratado,Angel Gualberto Suntura Sacaca (Telf: 2650000),,La Paz,NB-SABS (D.S.0181)
25-1205-00-1606510-0-E,Gobierno Autonomo Municipal De El Alto,Bienes,CD,Direccion Administrativa (Diesel Sur 2025),False,2026-01-05,,Contratado,Isidoro Limachi Kallaconde (Telf: 2829272 - 2829414),,La Paz,NB-SABS (D.S.0181)
25-1224-00-1624673-0-E,Gobierno Autonomo Municipal De Achacachi,Bienes,EX,Const. Casa  Artesanal Comunidad Arasaya Pataniby Churubamba - Achacachi Rural (Adquisicion De Materiales),False,2026-01-05,,Contratado,Ruben Carlos Quispe Catacora (Telf: 2136503),,La Paz,NB-SABS (D.S.0181)
25-1252-00-1624682-0-E,Gobierno Autonomo Municipal De Sapahaqui,Servicios Generales,CD,Mantenimiento De Camino Tramo Com. Chivisivi Por Desastres Naturales (Alquiler De Maquinaria),False,2026-01-05,,Contratado,Davi Flores Villca (Telf: 73090998),,La Paz,Otra Normativa especifica nacional
25-1311-00-1624699-0-E,Gobierno Autonomo Municipal De Morochata,Consultoria,CM,Cocinera Residencia Estudiantil Tawa Mayus Morochata,False,2026-01-05,,Contratado,Javier Beltran Vergara (Telf: 4364786 - 44136523),,Cochabamba,NB-SABS (D.S.0181)
25-1315-00-1624675-0-E,Gobierno Autonomo Municipal De Punata,Obras,EX,"Const. Centro De Capacitación Integral Distrito Ii, D2",False,2026-01-05,,Contratado,Yvan Reque Tenorio (Telf: 4577021),,Cochabamba,NB-SABS (D.S.0181)
25-1346-00-1624695-0-E,Gobierno Autonomo Municipal De Cocapata,Obras,EX,"Refaccion Red Sistema De Agua Potable Kumara, U.E. Juan Jose Torrez Y Centro De Salud Kumara (Por Excepcion)",False,2026-01-05,,Contratado,Jhonny Barrionuevo Mejia (Telf: 4368962),,Cochabamba,NB-SABS (D.S.0181)
25-1402-00-1624685-0-E,Gobierno Autonomo Municipal De Caracollo,Obras,EX,Const. Enlosetado Calle Final Ascarrunz Zona Sud Caracollo,False,2026-01-05,,Contratado,Charles Rufo Gaspar Ramos (Telf: 25290005),,Oruro,NB-SABS (D.S.0181)
25-1402-00-1624689-0-E,Gobierno Autonomo Municipal De Caracollo,Obras,EX,Const. Enlosetado Entrada U.E. Simón Bolívar Zona Villa Puente - Caracollo,False,2026-01-05,,Contratado,Charles Rufo Gaspar Ramos (Telf: 25290005),,Oruro,NB-SABS (D.S.0181)
25-1402-00-1624691-0-E,Gobierno Autonomo Municipal De Caracollo,Obras,EX,Const. Enlosetado Calle Junín Zona Norte Caracollo,False,2026-01-05,,Contratado,Charles Rufo Gaspar Ramos (Telf: 25290005),,Oruro,NB-SABS (D.S.0181)
25-1402-00-1624701-0-E,Gobierno Autonomo Municipal De Caracollo,Obras,EX,Const. Edificio Municipal - Municipio Caracollo,False,2026-01-05,,Contratado,Charles Rufo Gaspar Ramos (Telf: 25290005),,Oruro,NB-SABS (D.S.0181)
25-1404-00-1624696-0-E,Gobierno Autonomo Municipal De Challapata,Obras,CD,Mantenimiento E Implementacion De Sumidero Y Readecuacion De Sistema De Drenaje Pluvial Av. Aniceto Arce Y Av. Campo Santa Cruz (Challapata),False,2026-01-05,,Contratado,Simeon Chambi Flores (Telf: 5572250),,Oruro,NB-SABS (D.S.0181)
25-1753-00-1624669-0-E,Gobierno Autonomo Municipal Fernandez Alonzo,Consultoria,CM,"Contratación De Consultor Individual De Linea ""Aux. Enfermeria 1 Para El Centro De Salud Aguahi D-4"" Del Municipio De Fernandez Alons",False,2026-01-05,,Contratado,Veronica Arispe Garnica (Telf: 61388968),,Santa Cruz,NB-SABS (D.S.0181)
25-1753-00-1624676-0-E,Gobierno Autonomo Municipal Fernandez Alonzo,Consultoria,CM,"Contratación De Consultor Individual De Linea ""Medico General Para El Centro De Salud Aguahi D-4"" Del Municipio De Fernandez Alonso",False,2026-01-05,,Contratado,Veronica Arispe Garnica (Telf: 61388968),,Santa Cruz,NB-SABS (D.S.0181)
25-1753-00-1624677-0-E,Gobierno Autonomo Municipal Fernandez Alonzo,Consultoria,CM,"Contratación De Consultor Individual De Linea ""Aux. Enfermeria 2 T/C Para El Centro De Salud Aguahi D-4"" Del Municipio De Fernandez Alonso",False,2026-01-05,,Contratado,Veronica Arispe Garnica (Telf: 61388968),,Santa Cruz,NB-SABS (D.S.0181)
25-1753-00-1624679-0-E,Gobierno Autonomo Municipal Fernandez Alonzo,Consultoria,CM,"Contratación De Consultor Individual De Linea ""Odontologo Para El Centro De Salud Aguahi D-4 Del Municipio De Fernandez Alons",False,2026-01-05,,Contratado,Veronica Arispe Garnica (Telf: 61388968),,Santa Cruz,NB-SABS (D.S.0181)
25-1753-00-1624683-0-E,Gobierno Autonomo Municipal Fernandez Alonzo,Consultoria,CM,"Contratación De Consultor Individual De Linea ""Administración Y Farmacia Para El Centro De Salud Aguahi D-4"" Del Municipio De Fernandez Alons",False,2026-01-05,,Contratado,Veronica Arispe Garnica (Telf: 61388968),,Santa Cruz,NB-SABS (D.S.0181)
25-1753-00-1624690-0-E,Gobierno Autonomo Municipal Fernandez Alonzo,Consultoria,CM,"Contratación De Consultor Individual De Linea ""Aux. Enfermeria Programa Safci T/C Para El Centro De Salud 3 De Mayo D-3"" Del Municipio De Fernandez Alons",False,2026-01-05,,Contratado,Veronica Arispe Garnica (Telf: 61388968),,Santa Cruz,NB-SABS (D.S.0181)
25-1753-00-1624697-0-E,Gobierno Autonomo Municipal Fernandez Alonzo,Consultoria,CM,"Contratación De Consultor Individual En Linea ""Odontologo M/T Para El Centro De Salud 3 De Mayo D-3"" Del Municipio De Fernandez Alonso",False,2026-01-05,,Contratado,Veronica Arispe Garnica (Telf: 61388968),,Santa Cruz,NB-SABS (D.S.0181)
25-1753-00-1624702-0-E,Gobierno Autonomo Municipal Fernandez Alonzo,Consultoria,CM,"Contratación De Consultor Individual De Linea ""Personal De Limpieza T/C Para El Centro De Salud 3 De Mayo D-3"" Del Municipio De Fernandez Alons",False,2026-01-05,,Contratado,Veronica Arispe Garnica (Telf: 61388968),,Santa Cruz,NB-SABS (D.S.0181)
25-1753-00-1624707-0-E,Gobierno Autonomo Municipal Fernandez Alonzo,Consultoria,CM,"Contratación De Consultoria Individual De Linea ""Responsable Dna Slim Trabajadora Social""",False,2026-01-05,,Contratado,Veronica Arispe Garnica (Telf: 61388968),,Santa Cruz,NB-SABS (D.S.0181)
25-1753-00-1624712-0-E,Gobierno Autonomo Municipal Fernandez Alonzo,Consultoria,CM,Técnico Fortalecimiento Agropecuario Y Medio Ambiente,False,2026-01-05,,Contratado,Veronica Arispe Garnica (Telf: 61388968),,Santa Cruz,NB-SABS (D.S.0181)
25-1753-00-1624716-0-E,Gobierno Autonomo Municipal Fernandez Alonzo,Consultoria,CM,"Contratación De Consultoria Individual De Linea ""Responsable Sistemas""",False,2026-01-05,,Contratado,Veronica Arispe Garnica (Telf: 61388968),,Santa Cruz,NB-SABS (D.S.0181)
25-1753-00-1624717-0-E,Gobierno Autonomo Municipal Fernandez Alonzo,Consultoria,CM,"Contratación De Consultoría Individual De Linea ""Técnico Chofer De La Volqueta""",False,2026-01-05,,Contratado,Veronica Arispe Garnica (Telf: 61388968),,Santa Cruz,NB-SABS (D.S.0181)
25-2337-00-1624681-0-E,Entidad Descentralizada Municipal De Cementerios De La Paz,Bienes,CD,Adqusicion De Leche Para El Personal De La Entidad Descentraliuzada Municipal De Cementerios De La Paz Con Caracter Recurrente Y Cargo Al Presupuesto De La Gestion 2026,False,2026-01-05,,Contratado,Wilson Mayta Mamani (Telf: 2455259),,La Paz,NB-SABS (D.S.0181)
25-3701-00-1624671-0-E,Gaioc De Charagua Iyambae,Consultoria,CM,Medico Especialista En Medicina Interna Para El Centro De Salud Integral Mamerto Eguez Soruco,False,2026-01-05,,Contratado,Jose Domingo Pedraza Alcantara (Telf: 73320206),,Santa Cruz,NB-SABS (D.S.0181)
25-3701-00-1624686-0-E,Gaioc De Charagua Iyambae,Consultoria,CM,Medico General Iv Para El Centro De Salud Integral Mamerto Eguez Soruco,False,2026-01-05,,Contratado,Jose Domingo Pedraza Alcantara (Telf: 73320206),,Santa Cruz,NB-SABS (D.S.0181)
26-0206-05-1624706-1-1,Fortalecimiento Del Sistema Estadístico Del Estado Plurinacional De Bolivia,Servicios Generales,OF,Servicio De Transporte Para El Traslado De Material Censal A Nivel Nacional - Censo Agropecuario,False,2026-01-05,2026-01-21,Vigente,Carolina Paola Galvan Delgado (Telf: 2222333),,La Paz,Normativa del Financiador (BID)
26-0902-21-1624720-1-1,Hospital De Clinicas,Bienes,ANPP,Adquisicion De Risdiplam 60mg/80ml (0.75mg/Ml) Para El Hospital De Clinicas,True,2026-01-05,2026-01-15,Vigente,Daimler Jorge Mejia Castro (Telf: 2245059),,La Paz,NB-SABS (D.S.0181)
26-1224-00-1624680-0-E,Gobierno Autonomo Municipal De Achacachi,Bienes,EX,Const. Centro De Salud Taramaya (Obra Gruesa - Adquisicion De Materiales),False,2026-01-05,,Contratado,Ruben Carlos Quispe Catacora (Telf: 2136503),,La Paz,NB-SABS (D.S.0181)
26-1541-00-1624664-1-1,Gobierno Autonomo Municipal San Pedro De Macha,Bienes,LP,Desayuno Escolar Municipio De San Pedro De Macha (2026),True,2026-01-05,2026-01-27,Vigente,Jaime Inchausti Puma (Telf: 72407888),,Potosi,NB-SABS (D.S.0181)
23-0423-00-1597002-0-E,Caja De Salud De Caminos Y Ramas Anexas,Consultoria,CM,Consultoría Individual De Línea - Asesor Legal - Regional Cochabamba,False,2026-01-06,,Contratado,Justo Oscar Dominguez Cruz (Telf: 2916539),,La Paz,NB-SABS (D.S.0181)
23-0423-00-1597026-0-E,Caja De Salud De Caminos Y Ramas Anexas,Consultoria,CM,Consultoría Individual De Línea - Médico General De Emergencia E Internaciones 4 - Regional Cochabamba,False,2026-01-06,,Contratado,Justo Oscar Dominguez Cruz (Telf: 2916539),,La Paz,NB-SABS (D.S.0181)
23-0423-00-1597032-0-E,Caja De Salud De Caminos Y Ramas Anexas,Consultoria,CM,Consultoría Individual De Línea - Médico General De Hemodiálisis 1 - Regional Cochabamba,False,2026-01-06,,Contratado,Justo Oscar Dominguez Cruz (Telf: 2916539),,La Paz,NB-SABS (D.S.0181)
23-0423-00-1597059-0-E,Caja De Salud De Caminos Y Ramas Anexas,Consultoria,CM,Consultoría Individual De Línea - Médico General De Hemodiálisis 2 - Regional Cochabamba,False,2026-01-06,,Contratado,Justo Oscar Dominguez Cruz (Telf: 2916539),,La Paz,NB-SABS (D.S.0181)
23-0423-00-1597326-0-E,Caja De Salud De Caminos Y Ramas Anexas,Consultoria,CM,Consultoría Individual De Línea - Médico General De Campamento 4 - Regional Cochabamba,False,2026-01-06,,Contratado,Justo Oscar Dominguez Cruz (Telf: 2916539),,La Paz,NB-SABS (D.S.0181)
23-0423-00-1597332-0-E,Caja De Salud De Caminos Y Ramas Anexas,Consultoria,CM,Consultoría Individual De Línea - Médico General De Emergencia E Internaciones 5 - Regional Cochabamba,False,2026-01-06,,Contratado,Justo Oscar Dominguez Cruz (Telf: 2916539),,La Paz,NB-SABS (D.S.0181)
23-1738-00-1624711-0-E,Gobierno Autonomo Municipal De San Javier,Obras,CD,Instalación De Iluminación En La Avenida Guillermo Añez De La Progresiva 0+000 Mts A La Progresiva 0+350 Mts Lineal,False,2026-01-06,,Contratado,Dania Gisela Gutierrez Perez (Telf: 9635001),,Santa Cruz,NB-SABS (D.S.0181)
23-1738-00-1624747-0-E,Gobierno Autonomo Municipal De San Javier,Obras,CD,Instalación De Iluminación En La Avenida Guillermo Añez De La Progresiva 0+351 Mts A La Progresiva 0+640 Mts Lineal,False,2026-01-06,,Contratado,Dania Gisela Gutierrez Perez (Telf: 9635001),,Santa Cruz,NB-SABS (D.S.0181)
23-1738-00-1624829-0-E,Gobierno Autonomo Municipal De San Javier,Obras,CD,"Refacción Y Mantenimiento De Cocina, Puertas Y Ventanas En La Unidad Educativa Adolfo Burton Del Municipio De San Javier",False,2026-01-06,,Contratado,Dania Gisela Gutierrez Perez (Telf: 9635001),,Santa Cruz,NB-SABS (D.S.0181)
24-1730-00-1624734-0-E,Gobierno Autonomo Municipal De Samaipata,Consultoria,CM,Consultoria Individual En Linea Para El Cargo: Profesional Tecnico I – Recursos Hidricos Y Agropecuario,False,2026-01-06,,Contratado,Walberto Rivas Brito (Telf: 9446067),,Santa Cruz,NB-SABS (D.S.0181)
24-1730-00-1624746-0-E,Gobierno Autonomo Municipal De Samaipata,Consultoria,CM,Consultoria Individual En Linea Para El Cargo: Profesional Tecnico Ii – Asistente Contable Financiero Y Archivo,False,2026-01-06,,Contratado,Walberto Rivas Brito (Telf: 9446067),,Santa Cruz,NB-SABS (D.S.0181)
24-1730-00-1624753-0-E,Gobierno Autonomo Municipal De Samaipata,Consultoria,CM,Consultoría Individual En Línea Para El Cargo: Tecnico I Encargado De Cotizaciones,False,2026-01-06,,Contratado,Walberto Rivas Brito (Telf: 9446067),,Santa Cruz,NB-SABS (D.S.0181)
24-1730-00-1624756-0-E,Gobierno Autonomo Municipal De Samaipata,Consultoria,CM,Consultoria Individual En Linea Para El Cargo: Profesional Tecnico I – De Recaudaciones,False,2026-01-06,,Contratado,Walberto Rivas Brito (Telf: 9446067),,Santa Cruz,NB-SABS (D.S.0181)
24-1730-00-1624757-0-E,Gobierno Autonomo Municipal De Samaipata,Consultoria,CM,Consultoria Individual En Linea Para El Cargo: Profesional Iii – Psicologo (A) Dnna - Slim,False,2026-01-06,,Contratado,Walberto Rivas Brito (Telf: 9446067),,Santa Cruz,NB-SABS (D.S.0181)
24-1730-00-1624760-0-E,Gobierno Autonomo Municipal De Samaipata,Consultoria,CM,Consultoria Individual En Linea Para El Cargo: Encargado Parques Y Jardines,False,2026-01-06,,Contratado,Walberto Rivas Brito (Telf: 9446067),,Santa Cruz,NB-SABS (D.S.0181)
25-0035-01-1624484-0-E,Servicio De Impuestos Nacionales,Servicios Generales,CD,“Gglpz – Contratación De Servicio De Alquiler De Inmueble Para El Funcionamiento De Oficinas De Archivo – Gestión 2026”,False,2026-01-06,,Contratado,Juana Gisela Calle Galarza (Telf: 2606060 ),,La Paz,NB-SABS (D.S.0181)
25-0138-00-1624794-0-E,Universidad Mayor Real Y Pontificia De San Francisco Xavier,Servicios Generales,CD,"Contratación De Seguro Obligatorio Contra Accidentes De Transito Para Vehiculos De La Universidad San Francisco Xavier De Chuquisaca, Gestion 2026",False,2026-01-06,,Contratado,Marieli Glenda Veramendi Alba (Telf: 6451970),,Chuquisaca,NB-SABS (D.S.0181)
25-0382-00-1624783-0-E,Agencia De Infraestructura En Salud Y Equipamiento Medico,Servicios Generales,OF,Servicio De Alquiler De Oficinas Para El Programa Bid 4612/Bl-Bo – Gestión 2026,False,2026-01-06,,Contratado,Ofelia Del Carmen Martina Soto Dorado (Telf: 2125007),,La Paz,Normativa del Financiador (BID)
25-0513-00-1624776-0-E,Yacimientos Petroliferos Fiscales Bolivianos - Ypfb,Servicios Generales,OF,Servicio Operador De Dispenser Ee Ss America I - Dtcc Gestion 2026,False,2026-01-06,,Contratado,Richard Andres Choque Molina (Telf: 2176300),,La Paz,Otra Normativa especifica nacional
25-0513-00-1624782-0-E,Yacimientos Petroliferos Fiscales Bolivianos - Ypfb,Servicios Generales,OF,Servicio Operador De Dispenser Ee.Ss. Cala Cala I - Dtcc Gestion 2026,False,2026-01-06,,Contratado,Richard Andres Choque Molina (Telf: 2176300),,La Paz,Otra Normativa especifica nacional
25-0513-00-1624792-0-E,Yacimientos Petroliferos Fiscales Bolivianos - Ypfb,Servicios Generales,OF,Servicio Operador De Dispenser Ee.Ss. Cala Cala Ii - Dtcc Gestion 2026,False,2026-01-06,,Contratado,Richard Andres Choque Molina (Telf: 2176300),,La Paz,Otra Normativa especifica nacional
25-0513-00-1624797-0-E,Yacimientos Petroliferos Fiscales Bolivianos - Ypfb,Servicios Generales,OF,Servicio Operadorde Dispenser Ee Ssamerica Ii - Dtccgestion 2026,False,2026-01-06,,Contratado,Richard Andres Choque Molina (Telf: 2176300),,La Paz,Otra Normativa especifica nacional
25-0513-00-1624800-0-E,Yacimientos Petroliferos Fiscales Bolivianos - Ypfb,Servicios Generales,OF,Servicio Operador De Dispenser Ee.Ss. Cala Cala Iii - Dtcc Gestion 2026,False,2026-01-06,,Contratado,Richard Andres Choque Molina (Telf: 2176300),,La Paz,Otra Normativa especifica nacional
25-0513-00-1624808-0-E,Yacimientos Petroliferos Fiscales Bolivianos - Ypfb,Servicios Generales,OF,Servicio Operadorde Dispenser Ee Ssamerica Iii - Dtccgestion 2026,False,2026-01-06,,Contratado,Richard Andres Choque Molina (Telf: 2176300),,La Paz,Otra Normativa especifica nacional
25-0513-00-1624810-0-E,Yacimientos Petroliferos Fiscales Bolivianos - Ypfb,Servicios Generales,OF,Servicio Operador De Dispenser Ee.Ss. Cala Cala Vi - Dtcc Gestion 2026,False,2026-01-06,,Contratado,Richard Andres Choque Molina (Telf: 2176300),,La Paz,Otra Normativa especifica nacional
25-0513-00-1624811-0-E,Yacimientos Petroliferos Fiscales Bolivianos - Ypfb,Servicios Generales,OF,Servicio Operadorde Dispenser Ee Ssamerica Iv - Dtccgestion 2026,False,2026-01-06,,Contratado,Richard Andres Choque Molina (Telf: 2176300),,La Paz,Otra Normativa especifica nacional
25-0513-00-1624813-0-E,Yacimientos Petroliferos Fiscales Bolivianos - Ypfb,Servicios Generales,OF,Servicio Operador De Dispenser Ee.Ss. Cala Cala Vii - Dtcc Gestion 2026,False,2026-01-06,,Contratado,Richard Andres Choque Molina (Telf: 2176300),,La Paz,Otra Normativa especifica nacional
25-0513-00-1624815-0-E,Yacimientos Petroliferos Fiscales Bolivianos - Ypfb,Servicios Generales,OF,Servicio Operador De Dispenser Ee.Ss. Cala Cala Viii - Dtcc Gestion 2026,False,2026-01-06,,Contratado,Richard Andres Choque Molina (Telf: 2176300),,La Paz,Otra Normativa especifica nacional
25-0513-00-1624817-0-E,Yacimientos Petroliferos Fiscales Bolivianos - Ypfb,Servicios Generales,OF,Servicio Operador De Dispenser Ee.Ss. Cala Cala Ix - Dtcc Gestion 2026,False,2026-01-06,,Contratado,Richard Andres Choque Molina (Telf: 2176300),,La Paz,Otra Normativa especifica nacional
25-0513-00-1624819-0-E,Yacimientos Petroliferos Fiscales Bolivianos - Ypfb,Servicios Generales,OF,Servicio Operador De Dispenser Ee.Ss. Cala Cala Iv - Dtcc Gestion 2026,False,2026-01-06,,Contratado,Richard Andres Choque Molina (Telf: 2176300),,La Paz,Otra Normativa especifica nacional
25-0513-00-1624820-0-E,Yacimientos Petroliferos Fiscales Bolivianos - Ypfb,Servicios Generales,OF,Servicio Operador De Dispenser Ee.Ss. America V - Dtcc Gestion 2026,False,2026-01-06,,Contratado,Richard Andres Choque Molina (Telf: 2176300),,La Paz,Otra Normativa especifica nacional
25-0513-00-1624822-0-E,Yacimientos Petroliferos Fiscales Bolivianos - Ypfb,Servicios Generales,OF,Servicio Operador De Dispenser Ee.Ss. America Vi - Dtcc Gestion 2026,False,2026-01-06,,Contratado,Richard Andres Choque Molina (Telf: 2176300),,La Paz,Otra Normativa especifica nacional
25-0573-00-1624759-0-E,Empresa Siderurgica Del Mutun,Consultoria,CM,Consultoría Por Producto Para La Elaboración De Reglamentos Específicos De La Ley 1178,False,2026-01-06,,Contratado,Pascual Villegas Herrera (Telf: 3-9762835),,Santa Cruz,NB-SABS (D.S.0181)
25-0578-00-1623761-0-E,Empresa Publica Nacional Estrategica Boliviana De Aviacion - Bo A,Bienes,CD,(Ga-573) Compra De Productos Aeronáuticos P/N 5010520-1,False,2026-01-06,,Contratado,Elizabeth Triveno Pedro (Telf: 4150000),,Cochabamba,D.S. 26688
25-0578-00-1623762-0-E,Empresa Publica Nacional Estrategica Boliviana De Aviacion - Bo A,Bienes,CD,(Ga-592) Compra De Productos Aeronáuticos P/N: C20633000,False,2026-01-06,,Contratado,Elizabeth Triveno Pedro (Telf: 4150000),,Cochabamba,D.S. 26688
25-0578-00-1623763-0-E,Empresa Publica Nacional Estrategica Boliviana De Aviacion - Bo A,Bienes,CD,(Ga-574) Compra De Productos Aeronáutico P/N: 5010520-1,False,2026-01-06,,Contratado,Elizabeth Triveno Pedro (Telf: 4150000),,Cochabamba,D.S. 26688
25-0578-00-1623764-0-E,Empresa Publica Nacional Estrategica Boliviana De Aviacion - Bo A,Bienes,CD,(Da-247) Compra De Componentes Para Completar Apu P-100044,False,2026-01-06,,Contratado,Elizabeth Triveno Pedro (Telf: 4150000),,Cochabamba,D.S. 26688
25-0578-00-1623813-0-E,Empresa Publica Nacional Estrategica Boliviana De Aviacion - Bo A,Bienes,CD,(Gm-468) Compra De Producto Aeronáutico –Pn: 1fa14012-8,False,2026-01-06,,Contratado,Jaquelin Noemi Laime Quisbert (Telf: 4150000),,Cochabamba,D.S. 26688
25-0578-00-1623816-0-E,Empresa Publica Nacional Estrategica Boliviana De Aviacion - Bo A,Bienes,CD,(Gm-473) Compra De Producto Aeronáutico –Pn: 3876280-1,False,2026-01-06,,Contratado,Jaquelin Noemi Laime Quisbert (Telf: 4150000),,Cochabamba,D.S. 26688
25-0578-00-1623818-0-E,Empresa Publica Nacional Estrategica Boliviana De Aviacion - Bo A,Bienes,CD,(Ga-588) Compra De Producto Aeronáutico - Pn: A39755-10,False,2026-01-06,,Contratado,Jaquelin Noemi Laime Quisbert (Telf: 4150000),,Cochabamba,D.S. 26688
25-0578-00-1623820-0-E,Empresa Publica Nacional Estrategica Boliviana De Aviacion - Bo A,Bienes,CD,(Ga-567) Compra De Producto Aeronáutico –Pn: C20626200,False,2026-01-06,,Contratado,Jaquelin Noemi Laime Quisbert (Telf: 4150000),,Cochabamba,D.S. 26688
25-0578-00-1623822-0-E,Empresa Publica Nacional Estrategica Boliviana De Aviacion - Bo A,Bienes,CD,(Ga-579) Compra De Producto Aeronáutico - Pn: Jet Oil Ii Qt,False,2026-01-06,,Contratado,Jaquelin Noemi Laime Quisbert (Telf: 4150000),,Cochabamba,D.S. 26688
25-0578-00-1623884-0-E,Empresa Publica Nacional Estrategica Boliviana De Aviacion - Bo A,Servicios Generales,CD,(Rep 6348) Contratación De Servicio De Reparación De Repuestos Lote 127,False,2026-01-06,,Contratado,Jhonny Vasquez Alvarez (Telf: 4150000),,Cochabamba,D.S. 26688
25-0578-00-1624143-0-E,Empresa Publica Nacional Estrategica Boliviana De Aviacion - Bo A,Bienes,CD,(Ga-593) Compra De Productos Aeronautico P/N: 2-1474-7,False,2026-01-06,,Contratado,Elizabeth Triveno Pedro (Telf: 4150000),,Cochabamba,D.S. 26688
25-0578-00-1624370-0-E,Empresa Publica Nacional Estrategica Boliviana De Aviacion - Bo A,Bienes,CD,(Ga-618) Compra De Productos Aeronáuticos P/N: 3-1546,False,2026-01-06,,Contratado,Elizabeth Triveno Pedro (Telf: 4150000),,Cochabamba,D.S. 26688
25-0578-00-1624441-0-E,Empresa Publica Nacional Estrategica Boliviana De Aviacion - Bo A,Bienes,CD,(Ga-630) Compra De Productos Aeronáuticos P/N: 3-1596,False,2026-01-06,,Contratado,Elizabeth Triveno Pedro (Telf: 4150000),,Cochabamba,D.S. 26688
25-0578-00-1624474-0-E,Empresa Publica Nacional Estrategica Boliviana De Aviacion - Bo A,Bienes,CD,(Ga-616) Compra De Producto Aeronautico Pn: 275k22t1 (27x7.75-15),False,2026-01-06,,Contratado,Andrea Zulema Balderrama Bravo (Telf: 4150000),,Cochabamba,NB-SABS (D.S.0181)
25-0578-00-1624481-0-E,Empresa Publica Nacional Estrategica Boliviana De Aviacion - Bo A,Bienes,CD,(Gm-488) Compra De Producto Aeronautico Pn: 30-2506-3,False,2026-01-06,,Contratado,Andrea Zulema Balderrama Bravo (Telf: 4150000),,Cochabamba,NB-SABS (D.S.0181)
25-0578-00-1624496-0-E,Empresa Publica Nacional Estrategica Boliviana De Aviacion - Bo A,Bienes,CD,(Ga-613) Compra De Producto Aeronautico Pn: 2-1578-7,False,2026-01-06,,Contratado,Andrea Zulema Balderrama Bravo (Telf: 4150000),,Cochabamba,NB-SABS (D.S.0181)
25-0578-00-1624503-0-E,Empresa Publica Nacional Estrategica Boliviana De Aviacion - Bo A,Bienes,CD,(Ga-626) Compra De Producto Aeronautico Pn: 5-89354-3149,False,2026-01-06,,Contratado,Andrea Zulema Balderrama Bravo (Telf: 4150000),,Cochabamba,NB-SABS (D.S.0181)
25-0578-00-1624784-0-E,Empresa Publica Nacional Estrategica Boliviana De Aviacion - Bo A,Bienes,CD,(Ga-558) Compra De Producto Aeronáutico - Pn: Ps870 B1/2,False,2026-01-06,,Contratado,Jaquelin Noemi Laime Quisbert (Telf: 4150000),,Cochabamba,D.S. 26688
25-0585-00-1623560-0-E,Agencia Boliviana Espacial ,Servicios Generales,CD,Renovacion Del Servicio De Soporte Premium Isupport Program (Psp) Newtec Gestión 2025 -2026,False,2026-01-06,,Contratado,Carlos Alberto Nunez Jaramillo (Telf: 591-2-2141110),,La Paz,NB-SABS (D.S.0181)
25-0596-00-1615582-0-E,Empresa Publica Transporte Aereo Mlitar,Bienes,OF,Adquisición De Materiales Fungibles Para La Reparación De Los Motores Posición N° 1 Y N° 2 Y Para La Instalacion Del Impeller Assembly - Centrifugal Del Motor Posición Nº 1 De La Aeronave Avro Rj70,False,2026-01-06,,Contratado,Melany Mamani Aquino (Telf: 2681101),,La Paz,D.S. 26688
25-0596-00-1616655-0-E,Empresa Publica Transporte Aereo Mlitar,Bienes,OF,Adquisición De Un Repuesto (Impeller Assembly – Centrifugal) Para El Motor De La Posicion Nº 1 Para La Aeronave Avro Rj-70,False,2026-01-06,,Contratado,Melany Mamani Aquino (Telf: 2681101),,La Paz,D.S. 26688
25-0670-00-1624766-0-E,Organo Electoral Plurinacional,Bienes,CD,"Adquisición De Accesorios Y Repuestos Para Equipos Portátiles, De Masterización Y Equipos Del Empadronamiento Masivo, Elección De Autoridades Politicas Departamentales, Regionales Y Municipales 2026 (Elecciones Subnacionales 2026) Sereci Chuquisaca",False,2026-01-06,,Contratado,Johana Olivia Gonzales Montenegro (Telf: 2424221 - 2410545),,La Paz,Ley 1700 Elecciones Subnacionales 2026
25-1101-00-1624532-0-E,Gobierno Autonomo Municipal De Sucre,Bienes,CD,Adquisicion De Combustible Gasolina Especial Y Diesel Oil Para El Funcionamiento Del Parque Automotor Del Gobierno Autonomo Municipal De Sucre,False,2026-01-06,,Contratado,Hernan Mauricio Cortez Palma (Telf: 6456185 - 6439769),,Chuquisaca,NB-SABS (D.S.0181)
25-1119-00-1624718-0-E,Gobierno Autonomo Municipal De Camargo,Servicios Generales,CD,Contratación Servicios De Artista Musical Para El Festicamargo Del Día De La Tradición Camargueña 2026”,False,2026-01-06,,Contratado,Pedro Zeballos Castro (Telf: 4 6292018),,Chuquisaca,NB-SABS (D.S.0181)
25-1205-00-1624704-0-E,Gobierno Autonomo Municipal De El Alto,Servicios Generales,CD,Direccion Administrativa (Alquiler De Ambiente) (5 - 2026),False,2026-01-06,,Contratado,Isidoro Limachi Kallaconde (Telf: 2829272 - 2829414),,La Paz,NB-SABS (D.S.0181)
25-1205-00-1624705-0-E,Gobierno Autonomo Municipal De El Alto,Servicios Generales,CD,Direccion Administrativa (Alquiler De Ambiente) (1 - 2026),False,2026-01-06,,Contratado,Isidoro Limachi Kallaconde (Telf: 2829272 - 2829414),,La Paz,NB-SABS (D.S.0181)
25-1224-00-1624754-0-E,Gobierno Autonomo Municipal De Achacachi,Bienes,EX,Const. Bloque De Aulas Unidad Educativa Chahuira Pampa - Achacachi (Adquisicion De Materiales),False,2026-01-06,,Contratado,Ruben Carlos Quispe Catacora (Telf: 2136503),,La Paz,NB-SABS (D.S.0181)
25-1304-00-1586246-0-E,Gobierno Autonomo Municipal De Tiquipaya,Servicios Generales,CD,Servicio De Abastecimiento De Combustible Para El Parque Automotor Maquinaria Pesada  Y Otra Maquinaria Menor Del G.A.M. De Tiquipaya - Gestion 2026,False,2026-01-06,,Contratado,Carla Trujillo Villarroel (Telf: 44287320),,Cochabamba,NB-SABS (D.S.0181)
25-1304-00-1591969-0-E,Gobierno Autonomo Municipal De Tiquipaya,Obras,CD,Construccion De Paso De Quebrada Sistema De Riego Sector Rio Taquiña Otb Linde,False,2026-01-06,,Contratado,Carla Trujillo Villarroel (Telf: 44287320),,Cochabamba,NB-SABS (D.S.0181)
25-1311-00-1624737-0-E,Gobierno Autonomo Municipal De Morochata,Consultoria,CM,"Trabajadora Social De Residencias Estudiantiles, Dna Y Slim",False,2026-01-06,,Contratado,Javier Beltran Vergara (Telf: 4364786 - 44136523),,Cochabamba,NB-SABS (D.S.0181)
25-1326-00-1622578-0-E,Gobierno Autonomo Municipal De Tolata,Servicios Generales,CD,Mantenimiento Canchas Multiples De Los Distritos 2 Y 4 Del Gam Tolata,False,2026-01-06,,Contratado,Paola Andrea Montaño Montaño (Telf: 4575509),,Cochabamba,NB-SABS (D.S.0181)
25-1326-00-1624752-0-E,Gobierno Autonomo Municipal De Tolata,Servicios Generales,CD,Mejoramiento Del Atrio De La Plaza Principal Otb Valle Hermoso,False,2026-01-06,,Contratado,Paola Andrea Montaño Montaño (Telf: 4575509),,Cochabamba,NB-SABS (D.S.0181)
25-1328-00-1624749-0-E,Gobierno Autonomo Municipal De Santivanez,Consultoria,CM,Profesional I Dnmya Y Slim,False,2026-01-06,,Contratado,Jhamyl Mamani Condori (Telf: 4780041),,Cochabamba,NB-SABS (D.S.0181)
25-1530-00-1624826-0-E,Gobierno Autonomo Municipal De Uyuni,Obras,CD,Refaccion Drenaje Pluvial 1er Y 2do Patio U. E. Jaime De Zudañez - Uyuni,False,2026-01-06,,Contratado,Ronalt Paredes Romero (Telf: 2-6933195 - 73896555),,Potosi,NB-SABS (D.S.0181)
25-1537-00-1624722-0-E,Gobierno Autonomo Municipal De Villazon,Consultoria,CM,"Consultoria Por Producto, Para Ajuste, Complementacion Y Actualizacion Del Estudio A Nivel Edtp: ""Construccion Unidad Educativa Ojo De Agua - Villazon"" (Funcionamiento Del Ejecutivo Municipal)",False,2026-01-06,,Contratado,Sandy Miranda Bravo (Telf: 5972119),,Potosi,NB-SABS (D.S.0181)
25-1753-00-1624723-0-E,Gobierno Autonomo Municipal Fernandez Alonzo,Consultoria,CM,"Contratación De Consultor Individual En Linea ""Odontologia M/T Para El Centro De Salud Chane D-2"" Del Municipio De Fernandez Alonso",False,2026-01-06,,Contratado,Veronica Arispe Garnica (Telf: 61388968),,Santa Cruz,NB-SABS (D.S.0181)
25-1753-00-1624724-0-E,Gobierno Autonomo Municipal Fernandez Alonzo,Consultoria,CM,"Contratación De Consultor Individual En Linea ""Lic. En Farmacia T/C Para El Centro De Salud Chane D-2"" Del Municipio De Fernandez Alonso",False,2026-01-06,,Contratado,Veronica Arispe Garnica (Telf: 61388968),,Santa Cruz,NB-SABS (D.S.0181)
25-1753-00-1624729-0-E,Gobierno Autonomo Municipal Fernandez Alonzo,Consultoria,CM,"Contratación De Consultor Individual En Linea ""Recepcionista T/C Para El Centro De Salud Chane D-2"" Del Municipio De Fernandez Alonso",False,2026-01-06,,Contratado,Veronica Arispe Garnica (Telf: 61388968),,Santa Cruz,NB-SABS (D.S.0181)
25-1753-00-1624733-0-E,Gobierno Autonomo Municipal Fernandez Alonzo,Consultoria,CM,"Contratación De Consultor Individual En Linea ""Encargada De Lavanderia Para El Centro De Salud Chane D-2"" Del Municipio De Fernandez Alonso",False,2026-01-06,,Contratado,Veronica Arispe Garnica (Telf: 61388968),,Santa Cruz,NB-SABS (D.S.0181)
25-1753-00-1624738-0-E,Gobierno Autonomo Municipal Fernandez Alonzo,Consultoria,CM,Consultoría Individual De Linea Jefe De La Unidad Legal De La Defensoría De La Niñez- Slim´S Del Municipio De Fernandez Alonso,False,2026-01-06,,Contratado,Veronica Arispe Garnica (Telf: 61388968),,Santa Cruz,NB-SABS (D.S.0181)
25-1753-00-1624739-0-E,Gobierno Autonomo Municipal Fernandez Alonzo,Consultoria,CM,"Contratación De Consultor Individual En Linea ""Aux. Enfermeria (2) T/C Para El Centro De Salud Chane D-2” Del Municipio De Fernandez Alonso",False,2026-01-06,,Contratado,Veronica Arispe Garnica (Telf: 61388968),,Santa Cruz,NB-SABS (D.S.0181)
25-1753-00-1624744-0-E,Gobierno Autonomo Municipal Fernandez Alonzo,Consultoria,CM,"Contratación De Consultor Individual En Linea ""Aux. Enfereria Safci Mi Salud De T/C Para El Centro De Salud Chane D-2"" Del Municipio De Fernandez Alonso",False,2026-01-06,,Contratado,Veronica Arispe Garnica (Telf: 61388968),,Santa Cruz,NB-SABS (D.S.0181)
25-1753-00-1624745-0-E,Gobierno Autonomo Municipal Fernandez Alonzo,Consultoria,CM,"Contratación De Consultor Individual En Linea ""Administradora T/C Para El Centro De Salud Chane D-2” Del Municipio De Fernandez Alonso",False,2026-01-06,,Contratado,Veronica Arispe Garnica (Telf: 61388968),,Santa Cruz,NB-SABS (D.S.0181)
25-1753-00-1624751-0-E,Gobierno Autonomo Municipal Fernandez Alonzo,Consultoria,CM,"Contratación De Consultor Individual En Linea ""Encargada De Limpieza Para El Centro De Salud Chane D-2"" Del Municipio De Fernandez Alonso",False,2026-01-06,,Contratado,Veronica Arispe Garnica (Telf: 61388968),,Santa Cruz,NB-SABS (D.S.0181)
25-1753-00-1624755-0-E,Gobierno Autonomo Municipal Fernandez Alonzo,Consultoria,CM,"Contratación De Consultor Individual En Linea ""Medico General T/C Para El Centro De Salud Chane D-2"" Del Municipio De Fernandez Alonso",False,2026-01-06,,Contratado,Veronica Arispe Garnica (Telf: 61388968),,Santa Cruz,NB-SABS (D.S.0181)
25-1753-00-1624758-0-E,Gobierno Autonomo Municipal Fernandez Alonzo,Consultoria,CM,"Contratación De Consultor Individual En Linea ""Chofer De Ambulancia De T/C Para El Centro De Salud Chane D-2"" Del Municipio De Fernandez Alonso",False,2026-01-06,,Contratado,Veronica Arispe Garnica (Telf: 61388968),,Santa Cruz,NB-SABS (D.S.0181)
25-1753-00-1624769-0-E,Gobierno Autonomo Municipal Fernandez Alonzo,Consultoria,CM,"Contratación De Consultor Individual En Linea ""Aux. Enfermeria Programa Safci T/C Para El Centro De Salud Chane D-2"" Del Municipio De Fernandez Alonso",False,2026-01-06,,Contratado,Veronica Arispe Garnica (Telf: 61388968),,Santa Cruz,NB-SABS (D.S.0181)
25-1753-00-1624774-0-E,Gobierno Autonomo Municipal Fernandez Alonzo,Consultoria,CM,"Contratación De Consultor Individual En Linea ""Aux. Enfermeria De T/C Para El Centro De Salud Chane D-2 "" Del Municipio De Fernandez Alonso",False,2026-01-06,,Contratado,Veronica Arispe Garnica (Telf: 61388968),,Santa Cruz,NB-SABS (D.S.0181)
25-1753-00-1624780-0-E,Gobierno Autonomo Municipal Fernandez Alonzo,Consultoria,CM,"Contratación De Consultor Individual En Linea ""Medico General (2) T/C Para El Centro De Salud Chane D-2"" Del Municipio De Fernandez Alonso",False,2026-01-06,,Contratado,Veronica Arispe Garnica (Telf: 61388968),,Santa Cruz,NB-SABS (D.S.0181)
25-1753-00-1624795-0-E,Gobierno Autonomo Municipal Fernandez Alonzo,Consultoria,CM,"Contratación De Consultor Individual De Linea ""Sereno T/C Para El Centro De Salud Chane D-2” Del Municipio De Fernandez Alonso",False,2026-01-06,,Contratado,Veronica Arispe Garnica (Telf: 61388968),,Santa Cruz,NB-SABS (D.S.0181)
25-1753-00-1624806-0-E,Gobierno Autonomo Municipal Fernandez Alonzo,Consultoria,CM,"Contratación De Consultoria Individual De Linea ""Técnico Coordinador D-1""",False,2026-01-06,,Contratado,Veronica Arispe Garnica (Telf: 61388968),,Santa Cruz,NB-SABS (D.S.0181)
25-1753-00-1624825-0-E,Gobierno Autonomo Municipal Fernandez Alonzo,Consultoria,CM,"Contratación De Consultoria En Linea ""Chofer Escolar D-2""",False,2026-01-06,,Contratado,Veronica Arispe Garnica (Telf: 61388968),,Santa Cruz,NB-SABS (D.S.0181)
25-1753-00-1624828-0-E,Gobierno Autonomo Municipal Fernandez Alonzo,Consultoria,CM,"Contratación De Consultoría Individual De Linea ""Aseo Y Limpieza D-1""",False,2026-01-06,,Contratado,Veronica Arispe Garnica (Telf: 61388968),,Santa Cruz,NB-SABS (D.S.0181)
25-1753-00-1624835-0-E,Gobierno Autonomo Municipal Fernandez Alonzo,Consultoria,CM,"Contratación De Consultoría Individual De Linea ""Chofer Del Camion Compactador Recolector De Residuos Solidos""",False,2026-01-06,,Contratado,Veronica Arispe Garnica (Telf: 61388968),,Santa Cruz,NB-SABS (D.S.0181)
25-1801-00-1624728-0-E,Gobierno Autonomo Municipal De Santisima Trinidad,Consultoria,CM,Consultoria Individual De Linea - Tecnico I Gestion Ambiental Y Socializacion -Emaut,False,2026-01-06,,Contratado,"Jorge Rios Vaca (Telf: 4621477, 4621322)",,Beni,NB-SABS (D.S.0181)
25-1805-00-1624777-0-E,Gobierno Autonomo Municipal De Guayaramerin,Bienes,CM,Primera Comrpa De Sueros En Apoyo Al Hospital General Guayaramerin Correspondiente A La Gestion 2025,False,2026-01-06,,Contratado,Laura Carola Cespedes Mendoza (Telf: 8553628),,Beni,NB-SABS (D.S.0181)
25-2334-00-1624726-0-E,Entidad Descentralizada Municipal De Maquinaria Y Equipo,Servicios Generales,CD,Contratacion De Servicio De Internet Movil Para La Edmme 2026,False,2026-01-06,,Contratado,Diego Jimenez Saire (Telf: 2500626),,La Paz,NB-SABS (D.S.0181)
25-3701-00-1624742-0-E,Gaioc De Charagua Iyambae,Consultoria,CM,Medico Ginecologo Obstetra Para El Centro De Salud Integral Mamerto Eguez Soruco,False,2026-01-06,,Contratado,Jose Domingo Pedraza Alcantara (Telf: 73320206),,Santa Cruz,NB-SABS (D.S.0181)
25-3701-00-1624812-0-E,Gaioc De Charagua Iyambae,Consultoria,CM,Bioquimica Para El Centro De Salud Integral Mamerto Eguez Soruco,False,2026-01-06,,Contratado,Jose Domingo Pedraza Alcantara (Telf: 73320206),,Santa Cruz,NB-SABS (D.S.0181)
25-3701-00-1624821-0-E,Gaioc De Charagua Iyambae,Consultoria,CM,Medico General Iii Para El Centro De Salud Integral Mamerto Eguez Soruco,False,2026-01-06,,Contratado,Jose Domingo Pedraza Alcantara (Telf: 73320206),,Santa Cruz,NB-SABS (D.S.0181)
25-3701-00-1624837-0-E,Gaioc De Charagua Iyambae,Consultoria,CM,Medico Cirujano I Para El Centro De Salud Integral Mamerto Eguez Soruco,False,2026-01-06,,Contratado,Jose Domingo Pedraza Alcantara (Telf: 73320206),,Santa Cruz,NB-SABS (D.S.0181)
26-1119-00-1624818-1-1,Gobierno Autonomo Municipal De Camargo,Consultoria,OF,"Auditoria Financiera A Los Estados Financieros Gestión 2025 Y Auditoria Operativa A Los Recursos Provenientes Del Impuesto Directo A Los Hidrocarburos (Idh), Gestión  2025",False,2026-01-06,2026-01-19,Vigente,Pedro Zeballos Castro (Telf: 4 6292018),,Chuquisaca,Otra Normativa especifica nacional
26-1220-00-1624833-1-1,Gobierno Autonomo Municipal De Cajuata,Consultoria,OF,Auditoria Externa Financiera A Los Estados Financieros Gestión 2025 Y Auditoria Operativa A Los Recursos Del Impuesto Directo A Los Hidrocarburos Gestión 2025 Del G.A.M. Cajuata,False,2026-01-06,2026-01-20,Vigente,Susana Mamani Suna (Telf: 72049265),,La Paz,Otra Normativa especifica nacional
26-1222-00-1624761-1-1,Gobierno Autonomo Municipal De Ichoca,Bienes,CM,Mantenimiento Preventivo Para La Excavadora Hidráulica Pc 210 Gam Ichoca,False,2026-01-06,2026-01-09,Vigente,Luis Gabriel Quiñones Arratia (Telf: 71180509),,La Paz,NB-SABS (D.S.0181)
26-1240-00-1624786-1-1,Gobierno Autonomo Municipal De Calacoto,Consultoria,OF,Auditoria Externa A Los Estados Financieros Gestión 2025 Y Auditoria Operativa A Los Recursos Del Impuesto Directo A Los Hidrocarburos Gestión 2025,False,2026-01-06,2026-01-19,Vigente,Lisbeht Sarzuri Sarzuri (Telf: 67118339),,La Paz,Otra Normativa especifica nacional
26-1240-00-1624814-1-1,Gobierno Autonomo Municipal De Calacoto,Consultoria,OF,Auditoria A Proyecto:  Construcción De Pozos Someros Con Bebederos Para Ganado Camelido En Los Ayllus Originarios De Tanapaca Wariscata Y Ayllu Originario Taracollo Condoroca Del Municipio De Calacoto,False,2026-01-06,2026-01-19,Vigente,Lisbeht Sarzuri Sarzuri (Telf: 67118339),,La Paz,Otra Normativa especifica nacional
26-1251-00-1624831-1-1,Gobierno Autonomo Municipal De Luribay,Servicios Generales,CM,Servicio De Escaneo Y Cambio De Inyectores De La Motoniveladora New Holland Del G.A.M. Luribay,False,2026-01-06,2026-01-09,Vigente,Lusmila Yesenia Quiroz Colque (Telf: 74093569),,La Paz,NB-SABS (D.S.0181)
26-1274-00-1624836-1-1,Gobierno Autonomo Municipal De Santiago De Machaca,Bienes,ANPE,Adquisición De Medicamentos Veterinarios Del Programa: “Excavacion De Qhutañas Con Maquinaria Y Cosecha De Agua Para Ganado Camelido En El Municipio De Santiago De Machaca”,True,2026-01-06,2026-01-12,Vigente,Bethy Sonia Aro Escobar (Telf: 73564916),,La Paz,NB-SABS (D.S.0181)
26-1748-00-1624768-1-1,Gobierno Autonomo Municipal De Okinawa Uno,Consultoria,OF,Auditoria Financiera Externa A Los Estados Financieros 2025 Y Auditoria Operativa De Los Recursos De Idh Del G.A.M. De Okinawa Uno,False,2026-01-06,2026-01-29,Anulado desde la convocatoria,Ervin Saucedo Flores (Telf: 39237153-39237175),,Santa Cruz,Otra Normativa especifica nacional
26-1748-00-1624768-1-2,Gobierno Autonomo Municipal De Okinawa Uno,Consultoria,OF,Auditoria Financiera Externa A Los Estados Financieros 2025 Y Auditoria Operativa De Los Recursos De Idh Del G.A.M. De Okinawa Uno,False,2026-01-06,2026-01-29,Vigente,Ervin Saucedo Flores (Telf: 39237153-39237175),,Santa Cruz,Otra Normativa especifica nacional
26-1908-00-1622543-2-1,Gobierno Autonomo Municipal De Puerto Gonzalo Moreno,Bienes,ANPP,"Adquisición De Productos Químicos Y Fertilizantes Para El Programa Denominado ""Mejoramiento De La Producción De Frejol Mediante Implementación Mecanizada En El Municipio De Puerto Gonzalo Moreno”",True,2026-01-06,2026-01-16,Vigente,Mario Enrique Echalar Furrer (Telf: 67667355),,Pando,NB-SABS (D.S.0181)
